-- phpMyAdmin SQL Dump
-- version 5.1.1
-- https://www.phpmyadmin.net/
--
-- Host: localhost
-- Generation Time: Dec 16, 2025 at 12:32 PM
-- Server version: 10.4.34-MariaDB
-- PHP Version: 7.2.30

SET SQL_MODE = "NO_AUTO_VALUE_ON_ZERO";
START TRANSACTION;
SET time_zone = "+00:00";


/*!40101 SET @OLD_CHARACTER_SET_CLIENT=@@CHARACTER_SET_CLIENT */;
/*!40101 SET @OLD_CHARACTER_SET_RESULTS=@@CHARACTER_SET_RESULTS */;
/*!40101 SET @OLD_COLLATION_CONNECTION=@@COLLATION_CONNECTION */;
/*!40101 SET NAMES utf8mb4 */;

--
-- Database: `deveenvi_mimouna`
--

-- --------------------------------------------------------

--
-- Table structure for table `books`
--

CREATE TABLE `books` (
  `id` bigint(20) UNSIGNED NOT NULL,
  `title` varchar(255) NOT NULL,
  `author` varchar(255) NOT NULL,
  `description` text NOT NULL,
  `price` int(10) UNSIGNED NOT NULL,
  `discount` int(10) UNSIGNED NOT NULL,
  `quantity` int(10) UNSIGNED NOT NULL,
  `image_url` varchar(255) DEFAULT NULL,
  `bestseller` tinyint(1) NOT NULL DEFAULT 0,
  `bookshelf` tinyint(1) NOT NULL DEFAULT 0,
  `genre_id` bigint(20) UNSIGNED NOT NULL,
  `created_at` timestamp NULL DEFAULT NULL,
  `updated_at` timestamp NULL DEFAULT NULL
) ENGINE=InnoDB DEFAULT CHARSET=utf8mb4 COLLATE=utf8mb4_unicode_ci;

--
-- Dumping data for table `books`
--

INSERT INTO `books` (`id`, `title`, `author`, `description`, `price`, `discount`, `quantity`, `image_url`, `bestseller`, `bookshelf`, `genre_id`, `created_at`, `updated_at`) VALUES
(1, 'قوانين التحرر من الصراع النفسي', 'د. يوسف الحسني', 'لا أكتب هذه الكلمات بصفتي طبيبًا مُعالِجًا، بل شخصًا مرَّ بتجربة أليمة في صراعه النفسي مع العقل ولم يجد أي أسلحة أو أدوات ليستخدمها في هذه الحرب. شخصٌ قام العقلُ بالفتكِ فيه باكتئاب وقلق وهلع ووسواس قاهر وتشتت مزمن. هذا الكتاب هو نتاج تجربة مريرة، وفيه قواعد منهجي \"\"العلاج الواقعي\"\" وفيه ستجد طريقًا مباشرًا لتحرر نفسك مِن قِبل شخص يعرف جيدًا ما تمر به من خلال التجربة. كم كنت أتمنى أن ما وُضِع في هذا الكتاب كان يدرس في المدارس، أو أن أعود بالزمن لأقدمه لأمي وأبي لعلهما يمدانني بالأسلحة الحقيقية التي أحتاجها لمواجهة العقل. أُحذِّرك بكلِّ حبٍّ، أنك لن تعود كما كنت عليه حين تنهي القراءة، سينقشع ضبابُ الوهم الذي عشته وستعرف الطريقَ الحقيقيَّ لتتحرر من كلِّ ألمٍ قاسيته في صراعك النفسي. وتذكَّر أنه رغم وعورة هذا الطريق لكنه سيأخذ بيدك إلى الحرية الحقيقية.\"', 1700, 0, 50, 'books/book-1.jpg', 0, 1, 1, '2025-12-11 11:17:42', '2025-12-16 11:16:02'),
(2, 'محاط بالحمقى', 'توماس إريكسون', 'يقدم لنا كتاب محاط بالحمقى رحلة فريدة في أعماق السلوك البشري والتفاعلات الاجتماعية، يتناول هذا الكتاب ببراعة كيف يمكن للأشخاص المختلفين في طريقة تفكيرهم وتصرفهم أن يؤثروا بشكل كبير على حياتنا اليومية، سواء في محيط العمل أو في العلاقات الشخصية. يسلط كتاب محاط بالحمقى الضوء على أهمية فهم الآخرين والتعامل معهم بطرق تعزز الفهم المتبادل والتعاون، من خلال أمثلة واقعية وتحليلات عميقة، يكشف الكتاب عن الطرق التي يمكن بها تحويل التحديات التي تفرضها الشخصيات المختلفة إلى فرص للنمو والتطور، محاط بالحمقى ليس مجرد كتاب، بل هو دليل لفهم الذات والآخرين في عالم متغير باستمرار، ومعرفة الانماط الاربعة للسلوك البشري.', 1250, 0, 20, 'books/book-2.png', 0, 1, 1, '2025-12-11 11:17:42', '2025-12-16 11:16:41'),
(3, 'رسائل من القرآن', 'أدهم شرقاوي', 'كتاب \"رسائل من القرآن\" للكاتب الفلسطيني أدهم شرقاوي هو عمل أدبي وديني مميز، يقدم رسائل قرآنية موجهة إلى مختلف الفئات من الناس، مثل الشباب، النساء، الرجال، المؤمنين، وحتى المتشككين. صدر الكتاب عام 2021 عن دار كلمات للنشر والتوزيع في الكويت، ويحتوي على 280 صفحة من التأملات والرسائل المستوحاة من آيات القرآن الكريم. يتميز الكتاب بأسلوبه السهل والمباشر، مما يجعل تحميل كتاب رسائل من القرآن PDF مناسبًا للقراء من جميع المستويات، سواء كانوا من الدارسين المتعمقين في علوم الدين أو المبتدئين. يتضمن الكتاب رسائل قرآنية موجهة إلى مختلف الفئات من الناس، مثل: الشباب، والنساء، والرجال، والمؤمنين، والمتشككين. يقدم الكتاب رسائل قرآنية موجهة للقلب، مليئة بالحكمة والعبر والدروس المستفادة ويُساعد قراءة كتاب رسائل من القرآن أون لاين على فهم معاني القرآن الكريم وتطبيقه في الحياة اليومية.', 1300, 1000, 100, 'books/book-3.jpg', 1, 1, 3, '2025-12-11 11:17:42', '2025-12-16 11:17:16'),
(4, 'أرض زيكولا', 'عمرو عبد الحميد', 'أرض زيكولا هي رواية من تأليف الكاتب المصري عمرو عبد الحميد صدرت كنسخة أولى سنة 2010 وأعادت عصير الكتب للنشر والتوزيع إصدارها سنة 2015. احتلت الرواية المركز الثاني في قائمة أكثر الكتب مبيعا في سنة 2016 لمكتبة كتابيكو وعصير الكتب بعد أرض الإله.\r\n\r\nهي رواية خيالية تصف عالم موازي لعالمنا هذا، بطلها شاب من قرية البهو فريك يجد نفسه يوما في أرض لا تتعامل بالنقود كسائر البشر، وبدل ذلك وحدات الذكاء فكل عمل مقابل مال في أرضنا يعادل هناك قيمة معينة من وحدات الذكاء.', 850, 0, 250, 'books/book-4.jpg', 1, 1, 2, '2025-12-11 11:17:42', '2025-12-16 11:18:19'),
(5, 'أماريتا', 'عمرو عبد الحميد', 'أماريتا هي رواية من تأليف الكاتب المصري عمرو عبد الحميد وهي ثاني رواية له بعد رواية أرض زيكولا وتعتبر الجزء الثاني منها صدرت عام 2016 من قبل عصير الكتب للنشر والتوزيع.', 950, 0, 250, 'books/book-5.jpg', 0, 0, 2, '2025-12-11 11:17:42', '2025-12-16 11:18:50'),
(6, 'وادي الذئاب المنسية', 'عمرو عبد الحميد', 'وداي الذئاب المنسية هي الرواية السابعة للكاتب المصري عمرو عبد الحميد والصادرة عن عصير الكتب للنشر والتوزيع سنة 2023، وهي الجزء الثالث من سلسلة أرض زيكولا الشهيرة، وينقل لنا هذا الجزء ذو 296 صفحة، مغامرات جديدة للبطل خالد حسني، الذي يعود مرة أخرى إلى عوالم زيكولا الغريبة ليعيش رحلة مليئة بالتحديات والمخاطر في سبيل تخليص إبنه من لعنة أصابته.\r\n\r\nيعود الكاتب المصري عمرو عبد الحميد لإصدار جزء جديد من سلسلته أرض زيكولا التي حصلت على شعبية كبيرة وإشادة بين جمهور الرواية العربية، خاصة محبي نوعية الخيال العلمي الممزوج بالإثارة والتشويق، وذلك بعد ما يقرب من سبع سنوات على إصدار الجزء الثاني الذي حمل إسم أماريتا.\r\n\r\nيحمل هذا الجزء من السلسلة عنوان «وادي الذئاب المنسية»، وهو كناية على إسم أرض جديدة من الأرضي الغريبة التي تحيط بزيكولا، والتي يُفضي إليها سرداب فوريك، وفي هذه الأرض التي يحكمها شاهد السماء عاش البشر والذئاب والملديون في سلمٍ امتد آلاف السنين قبل أن يجتاز ذئبٌ رهيب إحدى العابرات الست، ويلتقي «موسى» الباحث عن أقرب فرصة للخروج من بلدته، ليتبدل كل شيء.', 1000, 0, 250, 'books/book-6.jpg', 0, 0, 2, '2025-12-11 11:17:42', '2025-12-16 11:19:24'),
(7, 'الأب الغني والأب الفقير', 'روبرت كيوساكي', 'الأب الغني الأب الفقير (بالإنجليزية: Rich Dad Poor Dad) هو كتاب من تأليف الكاتب الأمريكي روبرت كيوساكي بالاشتراك مع شارون إل.ليتشر. وموضوعه هو التأكيد على أهمية الاستقلال المالي وبناء الثروة عن طريق شرح العديد من الوسائل كالإستثمار وامتلاك الأصول والاستثمار بها والبدء في مشروع تجاري بالإضافة إلى كيفية تنمية الذكاء المالي لتحسين الآداء المالي والتجاري. كتب روبرت الكتاب على هيئة حكايات رمزية قائمة على أحداث حدثت بالفعل في حياته منذ الطفولة. حقق الكتاب انتشاراً كبيراً على المستوى العالمي وترجم لمعظم لغات العالم ومنها العربية.', 900, 0, 50, 'books/book-7.jpg', 0, 0, 1, '2025-12-11 11:17:42', '2025-12-16 11:19:55'),
(8, 'خطة تسويق في صفحة واحدة', 'ألن ديب', 'في هذا الكتاب، يكشف الريادي والمسوق الميّز ألن ديب عن اختراقي تطبيقي يجعل وضع خطة تسويق أمرا سهلا وسريعًا، وذلك حرفيًا في صفحة واحدة، ت تضمن تسعة مربَعات. ويمكن رسم خطّة التسويق والانطلاق من الصفر إلى حمل لقب خبير التسويق. \r\nسواء كنت رياديا جديدا أم متمرسا، هذا الكتاب هو أسهل الطرق وأسرعها لإنشاء خطة تسويق تدفع بمشروعك نحو النجاح.', 1500, 0, 20, 'books/book-8.jpg', 0, 0, 1, '2025-12-11 11:17:42', '2025-12-16 11:21:10'),
(9, 'سيروش', 'د. حنان لاشين', 'تحكي الرواية عن رحلة روحية وإنسانية يعيشها مجموعة من الأشخاص يجدون أنفسهم في عالم مختلف اسمه سيروش؛ عالم يجمع بين الخيال والمعاني العميقة، ويُظهر ما في داخل الإنسان من مشاعر ونوايا.', 1400, 0, 20, 'books/book-9.jpg', 0, 0, 2, '2025-12-11 11:17:42', '2025-12-16 11:22:36'),
(10, 'فن اللامبالاة', 'مارك مانسون', 'كتاب تطوير ذاتي عصري ومثير للجدل للمؤلف الأمريكي مارك مانسون يقدم مقاربة مختلفة وجريئة لتحقيق السعادة والرضا في الحياة. بدلًا من التركيز على التفكير الإيجابي المستمر والسعي الدائم وراء كل ما هو جيد يدعو مانسون إلى تبني نوع معين من اللامبالاة: اللامبالاة تجاه الأمور التافهة وغير المهمة والتركيز على الأشياء التي تستحق اهتمامنا وقيمنا الحقيقية. يجادل الكاتب بأن الحياة محفوفة بالمشاكل والصعوبات وأن محاولة تجنبها أو إنكارها لن تؤدي إلا إلى المزيد من التعاسة. الحل يكمن في اختيار المشاكل التي نرغب في تحملها وتحديد القيم التي نستحق أن نكافح من أجلها. بأسلوب صريح وواقعي ومليء بالفكاهة السوداء والأمثلة العملية يفضح مانسون العديد من المفاهيم الخاطئة الشائعة حول السعادة والنجاح ويقدم لنا أدوات عملية لتحديد أولوياتنا وتقبل الألم والفشل كجزء طبيعي من الحياة. إنه كتاب يهز المسلمات ويقلب المفاهيم التقليدية للتنمية الذاتية ويدعونا إلى مواجهة حقائق الحياة بشجاعة ولامبالاة صحية وطريقة معاكسة لحياة طيبة. لكل من سئم من النصائح الإيجابية السطحية ويبحث عن نظرة واقعية وعملية للحياة أو يرغب في قراءة كتاب فن اللامبالاة فإن هذا الكتاب يقدم له رؤى قيمة وأدوات عملية لتحقيق ذلك.', 900, 0, 20, 'books/book-10.jpg', 1, 0, 1, '2025-12-11 11:17:42', '2025-12-16 11:23:41'),
(11, 'نادي الخامسة صباحا', 'روبن شارما', 'قدم خبير القيادة الأسطورية والآداء الفذ روبن شارما مفهوم نادي الخامسة صباحاً على مدار عشرين عاماً، والذي يرتكز على نظام صباحي ثوري ساعد عملاءه على تعظيم قدارتهم الإنتاجية، ووصولهم إلى أفضل حالة صحية، وتحصين سكينتهم في عصر التعقيد المنهك الذي نعيشه حالياً.\r\nوالآن، في هذا الكتاب الذي سيغير حياتك، والذي أبدعه مؤلفه خلال أربع سنوات من العمل الصارم المدقق، ستكتشف عادة الاستيقاظ المبكر التي ساعدت الكثيرين على تحقيق إنجازات فذة بينما يرتقون بسعادتهم، وقدرتهم على النفع، ومشاعر الانغماس في الحياة خاصتهم.', 1200, 0, 10, 'books/book-11.jpg', 0, 0, 1, '2025-12-11 11:17:42', '2025-12-16 11:25:04'),
(12, 'الوحش الذي يسكنك يمكن أن يكون لطيفا', 'إيناس سمير', 'كتاب الوحش الذي يسكنك يمكن ان يكون لطيفًا هو كتاب استثنائي يغوص في أعماق النفس البشرية، يستكشف ايناس سمير الجوانب المظلمة والجميلة التي تعيش داخل كل فرد منا. الكتاب يقدم رؤية جديدة لفهم الذات والتعامل مع التناقضات الداخلية التي تشكل شخصيتنا.', 1350, 0, 10, 'books/book-12.jpg', 0, 0, 1, '2025-12-11 11:17:42', '2025-12-16 11:25:59'),
(13, 'عقدك النفسية سكنك الأبدي', 'د. يوسف الحسني', 'يُعدّ كتاب عقدك النفسية سجنك الأبدي للدكتور يوسف الحسني من أشهر الكتب في مجال التنمية البشرية في الوطن العربي، حيث ناقش فيه المؤلف العديد من العقد النفسية الشائعة التي تُعيق حياة الفرد وتمنعه من تحقيق السعادة والنجاح. فهذا الكتاب أكثر من رائع؛ يجعلك تشخص حالتك النفسية وتعرف ضعفك وكيف تعالجها بالتحدث مع معالج أو طبيب نفسي. قراءة كتاب عقدك النفسية سجنك الأبدي يدفعك لتسأل نفسك ألف سؤال، يعلمك كيف تميز بين الشخص السام وغير السام، ومن يجب أن تجعله في حياتك ومن يجب أن تستغني عنه. كما يعلمك كيف تكون قويًا وطيبًا وذا كلمة مسموعة في المجتمع وفي حياتك.', 1100, 0, 200, 'books/book-13.jpg', 1, 0, 1, '2025-12-11 11:17:42', '2025-12-16 11:27:26'),
(14, 'العادات الذرية', 'جيمس كلير', 'منهج سهل لبناء عادات جيدة والتخلص من العادات السيئة (بالإنجليزية: Atomic Habits: An Easy & Proven Way to Build Good Habits & Break Bad Ones) هو كتاب للتنمية الذاتية صدر سنة 2018 من تأليف جيمس كلير، وهو باحث في تكون العادات. حظي الكتاب بإشادة من معظم النقاد، مع عدم قبول عدد قليل منهم بشدة لادعاءاته. وقد اكتسب الكتاب شعبية كبيرة بين القراء في السنوات التي تلت نشره؛ وحتى فبراير 2024، بيع منه ما يقارب 20 مليون نسخة، وتصدر قائمة نيويورك تايمز لأكثر الكتب مبيعًا لمدة 164 أسبوعًا. صدرت طبعته العربية تحت عنوان \"العادات الذرية:منهج سهل لبناء عادات جيدة والتخلص من العادات السيئة\" وترجمه محمد فتحي خضر و صدر عن درا التنوير للطباعة والنشر سنة 2019.', 950, 0, 50, 'books/book-14.jpg', 0, 0, 1, '2025-12-11 11:17:42', '2025-12-16 11:27:55'),
(15, 'أغنى رجل في بابل', 'جورج كلاسون', 'أغنى رجل في بابل (بالإنجليزية: The Richest Man in Babylon) هو كتاب لرجل الأعمال الأمريكي جورج صامويل كلاسون نشر في عام 1926، يعطي الكتاب نصائح مالية لمجموعة من الناس عاشوا في مدينة بابل القديمة\r\n\r\nقبل نشر الكتاب كان جورج يكتب مقالات قصيرة عن طرق النجاح وينشرها في وريقات صغيرة يتناقلها الناس، حتى جمع أشهر هذه الوريقات ووضعها في كتابه هذا. وقد أُعيد نشر هذا الكتب في عام 2002، و2004 و2007 وبيعت منه أكثر من مليوني نسخة.', 800, 0, 50, 'books/book-15.jpg', 0, 0, 1, '2025-12-11 11:17:42', '2025-12-16 11:28:19'),
(16, 'من الذي حرك قطعة الجبن الخاصة بي', 'جورج كلاسون', 'من الذي حرك قطعة الجبن الخاصة بي؟ هو كتاب تحفيزي للكاتب سبنسر جونسون، صدر عام 1998، ومكتوب بأسلوب الحكاية الرمزية. يصف الكتاب التغيير الذي يحدث في حياة الناس وعملهم، ويصور أربعة ردود فعل معتادة تجاه التغيير من خلال رحلة قزمان وفأران للبحث عن الجبن.\r\n\r\nظل الكتاب في قائمة نيويورك تايمز بزنس للكتب الأكثر مبيعاً لمدة خمس سنوات تقريباً.', 700, 0, 20, 'books/book-16.jpg', 0, 0, 1, '2025-12-11 11:17:42', '2025-12-16 11:28:43'),
(17, 'The 48 Laws of Power', 'Robert Green', 'Amoral, cunning, ruthless, and instructive, this piercing work distills three thousand years of the history of power in to forty-eight well explicated laws. As attention-grabbing in its design as it is in its content, this bold volume outlines the laws of power in their unvarnished essence, synthesizing the philosophies of Machiavelli, Sun-tzu, Carl von Clausewitz, and other great thinkers.\r\n\r\nSome laws teach the need for prudence (\"Law 1: Never Outshine the Master\"), the virtue of stealth (\"Law 3: Conceal Your Intentions\"), and many demand the total absence of mercy (\"Law 15: Crush Your Enemy Totally\"), but like it or not, all have applications in real life.\r\n\r\nIllustrated through the tactics of Queen Elizabeth I, Henry Kissinger, P. T. Barnum, and other famous figures who have wielded--or been victimized by--power, these laws will fascinate any reader interested in gaining, observing, or defending against ultimate control.', 2200, 1900, 500, 'books/book-17.jpg', 1, 0, 4, '2025-12-11 11:17:42', '2025-12-16 11:10:23'),
(18, 'كن الشخص الذي يجعلك سعيدا', 'إناس سمير', 'أكبر كذبة قيلت لنا هي: كن مع الشخص الذي يجعلك سعيدًا. الحقيقة هي أن السعادة شيءٌ ‏تصنعه بنفسك؛ أن تكون سعيدًا مع نفسك لا يعني أن حياتك مثالية وأنك مثالي، بل يعني ‏أنك تبحث عن جوهرك وسط العيوب. أنت تستحق الحب والعاطفة، حتى لو لم يقدرك أحدٌ ‏بما يكفي لتعزيز هذا الاعتقاد. وتستحق الاستقرار والنجاح حتى لو لم تتمكن من رؤية خارطة ‏الطريق التي ستوصلك إلى هناك. ففي كل مرة يحدث فيها خطأ ما، يمكنك تصحيحه. لأنك ‏تعرف كيف تبدأ من جديد، وكيف تنقذ نفسك، وكيف تنهض مرة أخرى بعد كل خريف.‏ ‏ توقف عن انتظار شخصٍ ما ليأتي ويجعل حياتك تستحق العيش.‏', 900, 0, 20, 'books/book-18.png', 0, 0, 1, '2025-12-11 11:17:42', '2025-12-16 11:29:05'),
(19, 'قوة العادات', 'تشارلز دويج', 'قوة العادة (بالإنجليزية: The Power of Habit) هو كتاب للصحفي الأمريكي تشارلز دوهيك بجريدة نيويورك تايمز، نشر في فبراير من سنة 2012 من قبل دار النشر الإنجليزية راندوم هاوس. الكتاب احتل مراتب متقدمة في أكثر الكتب مبيعا في كل من نيويورك تايمز، أمازون، ويو إس إيه توداي.', 1200, 0, 10, 'books/book-19.jpg', 0, 0, 1, '2025-12-11 11:17:42', '2025-12-16 11:29:33'),
(20, 'Can\'t Hurt Me', 'David Goggins', 'For David Goggins, childhood was a nightmare -- poverty, prejudice, and physical abuse colored his days and haunted his nights. But through self-discipline, mental toughness, and hard work, Goggins transformed himself from a depressed, overweight young man with no future into a U.S. Armed Forces icon and one of the world\'s top endurance athletes. The only man in history to complete elite training as a Navy SEAL, Army Ranger, and Air Force Tactical Air Controller, he went on to set records in numerous endurance events, inspiring Outside magazine to name him \"The Fittest (Real) Man in America.\"\r\n\r\nIn Can\'t Hurt Me, he shares his astonishing life story and reveals that most of us tap into only 40% of our capabilities. Goggins calls this The 40% Rule, and his story illuminates a path that anyone can follow to push past pain, demolish fear, and reach their full potential.', 1400, 0, 5, 'books/book-20.jpg', 0, 0, 4, '2025-12-11 11:17:42', '2025-12-16 11:11:39'),
(21, 'العادات السبع للناس الأكثر فعالية', 'ستيفن آر. كوفي', 'العادات السبع للناس الأكثر فعالية (بالإنجليزية: The 7 Habits of Highly Effective People) لستيفن كوفي هو كتاب تنمية ذاتية يركز على تطوير العادات الشخصية التي تؤدي إلى النجاح في الحياة المهنية أو في الحياة عمومًا. نشر الكتاب لأول مرة في عام 1989. وقد بيعت أكثر من 15 مليون نسخة ترجمت ل38 لغة منذ أول ما نشر، وتم الاحتفال بالطبعة الخامسة عشر في الذكرى السنوية عام 2004. الكتاب يتعرض لسبع مبادئ، إذا طبقت كعادات فإنها من المفترض أن تساعد الشخص على أن يكون أكثر فعالية.كوفي يؤكد أنه يمكن تحقيق ذلك عن طريق مواءمة النفس إلى ما يسميه «بالبوصلة الداخلية باتجاه الشمال» على أساس المبادئ الأساسية للأخلاقيات والطابع حيث أنه يعتقد أنها عالمية وغير محدودة زمنيا.\r\n\r\nالكتاب حقق شعبية هائلة، واشتهر كوفي بمحاضراته العامة وحلقات العمل. كما كتب عدداً من الكتب الأخرى منها:\r\n\r\nالشيء الأول أولا\r\nمبدأ القيادة المحورى\r\nسلطة العادات السبع: تطبيقات ورؤى\r\nالعادات السبع للأسر الأكثر فعالية\r\nما بعد العادات السبع\r\nالتعايش مع العادات السبع، ومجموعة من القصص من الناس الذين قاموا بتطبيق العادات السبع على حياتهم\r\n\'العادة الثامنة: من الفعالية إلى العظمة، تكملة لكتاب العادات السبع نشر في عام 2004\r\nشين كوفي (نجل ستيفن) ألف نسخة من الكتاب للمراهقين، \'والعادات السبع للمراهقين الأكثر فعالية\' هذه النسخة تبسط السبع عادات للقراء الأصغر سنا حتى يتسنى لهم فهمها بشكل أفضل. في تشرين الأول/أكتوبر 2006، نشر شين كوفي كتاب أهم ستة قرارات ستتخذها قي حياتك: دليل للشباب. ويبرز هذا الدليل اللحظات الرئيسية في حياة المراهق، ويقدم نصائح عن كيفية التعامل معها.\r\n\r\nستيفن كوفي، النجل الأكبر لستيفن كوفي، كتب كتابا بعنوان سرعة الثقة.', 1300, 0, 5, 'books/book-21.jpg', 0, 0, 1, '2025-12-11 11:17:42', '2025-12-16 11:30:04'),
(22, 'كيف تبيع أي شيء لأي إنسان', 'جو جيرارد', '- ضاعف ما تبيعه 250 مرة\r\n- حول الصفقة الخاسرة إلى خطة للمكسب التالي\r\n- تعرف على الطرق الخمس التي تحول بها الصفقة من مجرد احتمال إلى عملية بيع وشراء\r\n- تعلم وضع عقبات البيع وراء ظهرك أنت والعميل لإنهاء الصفقة بنجاح\r\n- بع بالخسارة واصنع بذلك حظًّا سعيدًا\r\n\r\nاستطاع جو جيرارد عبر سنوات عمله الـ 15 لدى شركة \"فورد\" أن يحقق رقمًا قياسيًا عالميًا. أدخله موسوعة \"جينيس\" ببيعه لعدد 13001 سيارة لعملاء أفراد. لم يكن جيرارد حاصلا على شهادة متخصصة في المبيعات، لكنه تعلم بتواجده في معمعة العمل اليومية أنه لا يمكن تعويض الصورة الكلاسيكية لرجل المبيعات. وأصر دائمًا على القول بأن البناء على المبادئ الأساسية للثقة مع العميل، والعمل الدءوب، سيمكنان أي شخص أن يحقق ما وصل إليه هو.\r\nهذا الكتاب الذي تصدَّر لسنوات طويلة قائمة الكتب الأكثر مبيعًا، ساعد الملايين من القراء أن يصلوا لأهدافهم، كما سيحدث معك أنت أيضًا. يضع جو جيرارد أمامك الوصفة التي تستطيع بها أن تحقق الحد الأقصى للبيع في كل صفقة، باستخدامه لتقنيات وضعها هو وعُرفت باسمه وحقق بها إنجازه القياسي. الذي تستطيع تحقيقه أنت أيضا.', 1000, 0, 25, 'books/book-22.jpg', 0, 0, 1, '2025-12-11 11:17:42', '2025-12-16 11:30:41'),
(27, 'خوف ج3', 'أسامة مسلم', 'رواية \"خوف\" للكاتب أسامة المسلم هي تحفة أدبية تنتمي إلى عالم الرعب والغموض، مفعمة بالأحداث التي تزرع الرهبة في القلوب، وتشد القارئ إلى عمق صفحاتها. تروي الرواية عن أحداث تدور في عالم موازٍ مليء بالكائنات الغامضة والأساطير القديمة التي تثير الخوف والفضول في آنٍ واحد.\r\n\r\nتُحكم الرواية ببراعة في خلق جوٍ ثقيل من التوتر والترقب، حيث يواجه الأبطال مشاعر مختلطة من الرهبة وعدم التصديق. الحبكة مليئة بالغموض والتشويق، مع تفاصيل دقيقة وجوانب فلسفية عميقة تستعرض مفهوم الخوف نفسه وكيف يتجذر في النفس البشرية.\r\n\r\nيمزج الكاتب بين الأجواء المظلمة والخيال الواقعي، مما يجعل القارئ يشعر وكأن العالم الذي يصفه ليس بعيدًا عن الواقع. الشخصيات تحمل ملامح إنسانية معقدة، مما يجعلها قريبة من القارئ، فتتعاطف معها وتشعر بصراعاتها الداخلية. \"خوف\" ليست مجرد رواية رعب، بل هي رحلة إلى أعماق النفس البشرية لمواجهة أخطر مخاوفها وأكثرها بدائية.', 1300, 1100, 5, 'books/G45hapQqCyybuyQlhLtgluJIDfq1fM7ZIWaWt6jg.jpg', 0, 1, 2, '2025-12-15 18:09:28', '2025-12-16 11:13:17');

-- --------------------------------------------------------

--
-- Table structure for table `cache`
--

CREATE TABLE `cache` (
  `key` varchar(255) NOT NULL,
  `value` mediumtext NOT NULL,
  `expiration` int(11) NOT NULL
) ENGINE=InnoDB DEFAULT CHARSET=utf8mb4 COLLATE=utf8mb4_unicode_ci;

--
-- Dumping data for table `cache`
--

INSERT INTO `cache` (`key`, `value`, `expiration`) VALUES
('3ac6d1137df8adad626116ac689a8fb1', 'i:2;', 1765460328),
('3ac6d1137df8adad626116ac689a8fb1:timer', 'i:1765460328;', 1765460328);

-- --------------------------------------------------------

--
-- Table structure for table `cache_locks`
--

CREATE TABLE `cache_locks` (
  `key` varchar(255) NOT NULL,
  `owner` varchar(255) NOT NULL,
  `expiration` int(11) NOT NULL
) ENGINE=InnoDB DEFAULT CHARSET=utf8mb4 COLLATE=utf8mb4_unicode_ci;

-- --------------------------------------------------------

--
-- Table structure for table `failed_jobs`
--

CREATE TABLE `failed_jobs` (
  `id` bigint(20) UNSIGNED NOT NULL,
  `uuid` varchar(255) NOT NULL,
  `connection` text NOT NULL,
  `queue` text NOT NULL,
  `payload` longtext NOT NULL,
  `exception` longtext NOT NULL,
  `failed_at` timestamp NOT NULL DEFAULT current_timestamp()
) ENGINE=InnoDB DEFAULT CHARSET=utf8mb4 COLLATE=utf8mb4_unicode_ci;

-- --------------------------------------------------------

--
-- Table structure for table `genres`
--

CREATE TABLE `genres` (
  `id` bigint(20) UNSIGNED NOT NULL,
  `en_name` varchar(255) NOT NULL,
  `ar_name` varchar(255) NOT NULL,
  `fr_name` varchar(255) NOT NULL,
  `fa_icon` varchar(255) NOT NULL,
  `created_at` timestamp NULL DEFAULT NULL,
  `updated_at` timestamp NULL DEFAULT NULL
) ENGINE=InnoDB DEFAULT CHARSET=utf8mb4 COLLATE=utf8mb4_unicode_ci;

--
-- Dumping data for table `genres`
--

INSERT INTO `genres` (`id`, `en_name`, `ar_name`, `fr_name`, `fa_icon`, `created_at`, `updated_at`) VALUES
(1, 'Arabic Books', 'الكتب العربية', 'Livres arabes', 'fa-solid fa-book', '2025-12-11 11:17:41', '2025-12-11 11:17:41'),
(2, 'Arabic Novels', 'الروايات العربية', 'Romans arabes', 'fa-solid fa-book', '2025-12-11 11:17:41', '2025-12-11 11:17:41'),
(3, 'Religion Books', 'الكتب الدينية', 'Livres religieux', 'fa-solid fa-book', '2025-12-11 11:17:41', '2025-12-11 11:17:41'),
(4, 'English Books', 'الكتب الإنجليزية', 'Livres Anglais', 'fa-solid fa-book', '2025-12-16 11:10:06', '2025-12-16 11:10:06');

-- --------------------------------------------------------

--
-- Table structure for table `jobs`
--

CREATE TABLE `jobs` (
  `id` bigint(20) UNSIGNED NOT NULL,
  `queue` varchar(255) NOT NULL,
  `payload` longtext NOT NULL,
  `attempts` tinyint(3) UNSIGNED NOT NULL,
  `reserved_at` int(10) UNSIGNED DEFAULT NULL,
  `available_at` int(10) UNSIGNED NOT NULL,
  `created_at` int(10) UNSIGNED NOT NULL
) ENGINE=InnoDB DEFAULT CHARSET=utf8mb4 COLLATE=utf8mb4_unicode_ci;

-- --------------------------------------------------------

--
-- Table structure for table `job_batches`
--

CREATE TABLE `job_batches` (
  `id` varchar(255) NOT NULL,
  `name` varchar(255) NOT NULL,
  `total_jobs` int(11) NOT NULL,
  `pending_jobs` int(11) NOT NULL,
  `failed_jobs` int(11) NOT NULL,
  `failed_job_ids` longtext NOT NULL,
  `options` mediumtext DEFAULT NULL,
  `cancelled_at` int(11) DEFAULT NULL,
  `created_at` int(11) NOT NULL,
  `finished_at` int(11) DEFAULT NULL
) ENGINE=InnoDB DEFAULT CHARSET=utf8mb4 COLLATE=utf8mb4_unicode_ci;

-- --------------------------------------------------------

--
-- Table structure for table `likes`
--

CREATE TABLE `likes` (
  `id` bigint(20) UNSIGNED NOT NULL,
  `user_id` bigint(20) UNSIGNED NOT NULL,
  `book_id` bigint(20) UNSIGNED NOT NULL,
  `created_at` timestamp NULL DEFAULT NULL,
  `updated_at` timestamp NULL DEFAULT NULL
) ENGINE=InnoDB DEFAULT CHARSET=utf8mb4 COLLATE=utf8mb4_unicode_ci;

--
-- Dumping data for table `likes`
--

INSERT INTO `likes` (`id`, `user_id`, `book_id`, `created_at`, `updated_at`) VALUES
(1, 6, 10, '2025-12-11 11:17:42', '2025-12-11 11:17:42'),
(12, 10, 4, '2025-12-11 11:17:42', '2025-12-11 11:17:42'),
(13, 6, 17, '2025-12-11 11:17:42', '2025-12-11 11:17:42'),
(14, 2, 12, '2025-12-11 11:17:42', '2025-12-11 11:17:42'),
(17, 5, 22, '2025-12-11 11:17:42', '2025-12-11 11:17:42'),
(18, 11, 13, '2025-12-11 11:17:42', '2025-12-11 11:17:42'),
(23, 2, 4, '2025-12-11 11:17:42', '2025-12-11 11:17:42'),
(29, 8, 19, '2025-12-11 11:17:42', '2025-12-11 11:17:42'),
(31, 10, 11, '2025-12-11 11:17:42', '2025-12-11 11:17:42'),
(33, 10, 7, '2025-12-11 11:17:42', '2025-12-11 11:17:42'),
(45, 7, 16, '2025-12-11 11:17:42', '2025-12-11 11:17:42'),
(63, 6, 21, '2025-12-11 11:17:42', '2025-12-11 11:17:42'),
(70, 7, 12, '2025-12-11 11:17:42', '2025-12-11 11:17:42'),
(72, 1, 12, '2025-12-11 11:17:42', '2025-12-11 11:17:42'),
(74, 8, 6, '2025-12-11 11:17:42', '2025-12-11 11:17:42'),
(75, 4, 18, '2025-12-11 11:17:42', '2025-12-11 11:17:42'),
(78, 9, 20, '2025-12-11 11:17:42', '2025-12-11 11:17:42'),
(82, 7, 20, '2025-12-11 11:17:42', '2025-12-11 11:17:42'),
(86, 7, 16, '2025-12-11 11:17:42', '2025-12-11 11:17:42'),
(88, 10, 10, '2025-12-11 11:17:42', '2025-12-11 11:17:42'),
(90, 6, 1, '2025-12-11 11:17:42', '2025-12-11 11:17:42'),
(91, 11, 20, '2025-12-11 11:17:42', '2025-12-11 11:17:42'),
(94, 4, 7, '2025-12-11 11:17:42', '2025-12-11 11:17:42'),
(95, 10, 15, '2025-12-11 11:17:42', '2025-12-11 11:17:42'),
(100, 7, 2, '2025-12-11 11:17:42', '2025-12-11 11:17:42'),
(104, 5, 3, '2025-12-11 11:17:42', '2025-12-11 11:17:42'),
(108, 2, 8, '2025-12-11 11:17:42', '2025-12-11 11:17:42'),
(114, 2, 13, '2025-12-11 11:17:42', '2025-12-11 11:17:42'),
(118, 10, 3, '2025-12-11 11:17:42', '2025-12-11 11:17:42'),
(120, 9, 6, '2025-12-11 11:17:42', '2025-12-11 11:17:42'),
(131, 2, 21, '2025-12-11 11:17:42', '2025-12-11 11:17:42'),
(134, 7, 22, '2025-12-11 11:17:42', '2025-12-11 11:17:42'),
(138, 6, 15, '2025-12-11 11:17:42', '2025-12-11 11:17:42'),
(144, 2, 2, '2025-12-11 11:17:42', '2025-12-11 11:17:42'),
(146, 8, 5, '2025-12-11 11:17:42', '2025-12-11 11:17:42'),
(148, 7, 12, '2025-12-11 11:17:42', '2025-12-11 11:17:42'),
(152, 11, 2, '2025-12-11 11:17:42', '2025-12-11 11:17:42'),
(159, 5, 1, '2025-12-11 11:17:42', '2025-12-11 11:17:42'),
(165, 2, 9, '2025-12-11 11:17:42', '2025-12-11 11:17:42'),
(171, 5, 11, '2025-12-11 11:17:42', '2025-12-11 11:17:42'),
(181, 6, 15, '2025-12-11 11:17:42', '2025-12-11 11:17:42'),
(183, 7, 17, '2025-12-11 11:17:42', '2025-12-11 11:17:42'),
(184, 10, 14, '2025-12-11 11:17:42', '2025-12-11 11:17:42'),
(193, 6, 15, '2025-12-11 11:17:42', '2025-12-11 11:17:42'),
(196, 10, 14, '2025-12-11 11:17:42', '2025-12-11 11:17:42'),
(199, 10, 16, '2025-12-11 11:17:42', '2025-12-11 11:17:42'),
(201, 11, 9, '2025-12-11 11:17:42', '2025-12-11 11:17:42'),
(209, 11, 9, '2025-12-11 11:17:42', '2025-12-11 11:17:42'),
(216, 4, 16, '2025-12-11 11:17:42', '2025-12-11 11:17:42'),
(218, 8, 6, '2025-12-11 11:17:42', '2025-12-11 11:17:42'),
(221, 5, 16, '2025-12-11 11:17:42', '2025-12-11 11:17:42'),
(225, 11, 20, '2025-12-11 11:17:42', '2025-12-11 11:17:42'),
(228, 2, 10, '2025-12-11 11:17:42', '2025-12-11 11:17:42'),
(245, 4, 22, '2025-12-11 11:17:42', '2025-12-11 11:17:42'),
(257, 8, 7, '2025-12-11 11:17:42', '2025-12-11 11:17:42'),
(258, 8, 12, '2025-12-11 11:17:42', '2025-12-11 11:17:42'),
(259, 6, 20, '2025-12-11 11:17:42', '2025-12-11 11:17:42'),
(267, 5, 8, '2025-12-11 11:17:42', '2025-12-11 11:17:42'),
(273, 5, 17, '2025-12-11 11:17:42', '2025-12-11 11:17:42'),
(276, 2, 5, '2025-12-11 11:17:42', '2025-12-11 11:17:42'),
(293, 6, 19, '2025-12-11 11:17:43', '2025-12-11 11:17:43'),
(294, 2, 21, '2025-12-11 11:17:43', '2025-12-11 11:17:43'),
(301, 7, 8, '2025-12-11 11:17:43', '2025-12-11 11:17:43'),
(308, 5, 1, '2025-12-11 11:17:43', '2025-12-11 11:17:43'),
(316, 8, 18, '2025-12-11 11:17:43', '2025-12-11 11:17:43'),
(317, 9, 5, '2025-12-11 11:17:43', '2025-12-11 11:17:43'),
(322, 8, 16, '2025-12-11 11:17:43', '2025-12-11 11:17:43'),
(332, 3, 10, '2025-12-11 11:17:43', '2025-12-11 11:17:43'),
(341, 10, 21, '2025-12-11 11:17:43', '2025-12-11 11:17:43'),
(343, 3, 12, '2025-12-11 11:17:43', '2025-12-11 11:17:43'),
(344, 2, 16, '2025-12-11 11:17:43', '2025-12-11 11:17:43'),
(356, 11, 22, '2025-12-11 11:17:43', '2025-12-11 11:17:43'),
(361, 2, 18, '2025-12-11 11:17:43', '2025-12-11 11:17:43'),
(362, 7, 3, '2025-12-11 11:17:43', '2025-12-11 11:17:43'),
(365, 9, 17, '2025-12-11 11:17:43', '2025-12-11 11:17:43'),
(366, 6, 20, '2025-12-11 11:17:43', '2025-12-11 11:17:43'),
(371, 7, 21, '2025-12-11 11:17:43', '2025-12-11 11:17:43'),
(382, 3, 14, '2025-12-11 11:17:43', '2025-12-11 11:17:43'),
(383, 8, 15, '2025-12-11 11:17:43', '2025-12-11 11:17:43'),
(386, 11, 10, '2025-12-11 11:17:43', '2025-12-11 11:17:43'),
(399, 8, 7, '2025-12-11 11:17:43', '2025-12-11 11:17:43'),
(412, 11, 8, '2025-12-11 11:17:43', '2025-12-11 11:17:43'),
(413, 5, 3, '2025-12-11 11:17:43', '2025-12-11 11:17:43'),
(420, 6, 13, '2025-12-11 11:17:43', '2025-12-11 11:17:43'),
(424, 8, 19, '2025-12-11 11:17:43', '2025-12-11 11:17:43'),
(439, 11, 7, '2025-12-11 11:17:43', '2025-12-11 11:17:43'),
(442, 6, 21, '2025-12-11 11:17:43', '2025-12-11 11:17:43'),
(443, 2, 13, '2025-12-11 11:17:43', '2025-12-11 11:17:43'),
(463, 8, 19, '2025-12-11 11:17:43', '2025-12-11 11:17:43'),
(472, 10, 3, '2025-12-11 11:17:43', '2025-12-11 11:17:43'),
(478, 9, 5, '2025-12-11 11:17:43', '2025-12-11 11:17:43'),
(479, 5, 2, '2025-12-11 11:17:43', '2025-12-11 11:17:43'),
(481, 11, 4, '2025-12-11 11:17:43', '2025-12-11 11:17:43'),
(487, 7, 22, '2025-12-11 11:17:43', '2025-12-11 11:17:43'),
(490, 5, 14, '2025-12-11 11:17:43', '2025-12-11 11:17:43'),
(494, 11, 4, '2025-12-11 11:17:43', '2025-12-11 11:17:43'),
(495, 3, 20, '2025-12-11 11:17:43', '2025-12-11 11:17:43'),
(510, 11, 20, '2025-12-11 11:17:43', '2025-12-11 11:17:43'),
(523, 7, 6, '2025-12-11 11:17:43', '2025-12-11 11:17:43'),
(525, 3, 13, '2025-12-11 11:17:43', '2025-12-11 11:17:43'),
(533, 4, 9, '2025-12-11 11:17:43', '2025-12-11 11:17:43'),
(540, 7, 11, '2025-12-11 11:17:43', '2025-12-11 11:17:43'),
(544, 9, 9, '2025-12-11 11:17:43', '2025-12-11 11:17:43'),
(545, 3, 5, '2025-12-11 11:17:43', '2025-12-11 11:17:43'),
(547, 7, 21, '2025-12-11 11:17:43', '2025-12-11 11:17:43'),
(554, 11, 20, '2025-12-11 11:17:43', '2025-12-11 11:17:43'),
(555, 9, 8, '2025-12-11 11:17:43', '2025-12-11 11:17:43'),
(557, 10, 2, '2025-12-11 11:17:43', '2025-12-11 11:17:43'),
(558, 7, 15, '2025-12-11 11:17:43', '2025-12-11 11:17:43'),
(564, 6, 2, '2025-12-11 11:17:43', '2025-12-11 11:17:43'),
(582, 7, 20, '2025-12-11 11:17:43', '2025-12-11 11:17:43'),
(583, 4, 13, '2025-12-11 11:17:43', '2025-12-11 11:17:43'),
(597, 8, 1, '2025-12-11 11:17:43', '2025-12-11 11:17:43'),
(603, 8, 9, '2025-12-11 11:17:43', '2025-12-11 11:17:43'),
(607, 2, 2, '2025-12-11 11:17:43', '2025-12-11 11:17:43'),
(626, 9, 5, '2025-12-11 11:17:43', '2025-12-11 11:17:43'),
(632, 10, 15, '2025-12-11 11:17:43', '2025-12-11 11:17:43'),
(637, 10, 1, '2025-12-11 11:17:43', '2025-12-11 11:17:43'),
(639, 3, 13, '2025-12-11 11:17:43', '2025-12-11 11:17:43'),
(659, 7, 11, '2025-12-11 11:17:43', '2025-12-11 11:17:43'),
(661, 3, 11, '2025-12-11 11:17:43', '2025-12-11 11:17:43'),
(662, 3, 14, '2025-12-11 11:17:43', '2025-12-11 11:17:43'),
(663, 10, 13, '2025-12-11 11:17:43', '2025-12-11 11:17:43'),
(664, 1, 8, '2025-12-11 11:17:43', '2025-12-11 11:17:43'),
(667, 7, 18, '2025-12-11 11:17:43', '2025-12-11 11:17:43'),
(668, 10, 16, '2025-12-11 11:17:43', '2025-12-11 11:17:43'),
(672, 6, 14, '2025-12-11 11:17:43', '2025-12-11 11:17:43'),
(674, 7, 14, '2025-12-11 11:17:43', '2025-12-11 11:17:43'),
(687, 9, 17, '2025-12-11 11:17:43', '2025-12-11 11:17:43'),
(689, 9, 14, '2025-12-11 11:17:43', '2025-12-11 11:17:43'),
(691, 8, 13, '2025-12-11 11:17:43', '2025-12-11 11:17:43'),
(692, 8, 14, '2025-12-11 11:17:43', '2025-12-11 11:17:43'),
(694, 11, 7, '2025-12-11 11:17:43', '2025-12-11 11:17:43'),
(695, 3, 22, '2025-12-11 11:17:43', '2025-12-11 11:17:43'),
(701, 3, 16, '2025-12-11 11:17:43', '2025-12-11 11:17:43'),
(702, 9, 11, '2025-12-11 11:17:43', '2025-12-11 11:17:43'),
(703, 3, 10, '2025-12-11 11:17:43', '2025-12-11 11:17:43'),
(714, 9, 2, '2025-12-11 11:17:43', '2025-12-11 11:17:43'),
(719, 9, 21, '2025-12-11 11:17:43', '2025-12-11 11:17:43'),
(726, 5, 15, '2025-12-11 11:17:43', '2025-12-11 11:17:43'),
(729, 5, 12, '2025-12-11 11:17:43', '2025-12-11 11:17:43'),
(734, 3, 10, '2025-12-11 11:17:43', '2025-12-11 11:17:43'),
(742, 1, 12, '2025-12-11 11:17:43', '2025-12-11 11:17:43'),
(743, 11, 18, '2025-12-11 11:17:43', '2025-12-11 11:17:43'),
(746, 6, 2, '2025-12-11 11:17:43', '2025-12-11 11:17:43'),
(753, 8, 14, '2025-12-11 11:17:43', '2025-12-11 11:17:43'),
(756, 6, 15, '2025-12-11 11:17:43', '2025-12-11 11:17:43'),
(759, 8, 11, '2025-12-11 11:17:43', '2025-12-11 11:17:43'),
(774, 3, 8, '2025-12-11 11:17:43', '2025-12-11 11:17:43'),
(777, 11, 7, '2025-12-11 11:17:43', '2025-12-11 11:17:43'),
(792, 10, 3, '2025-12-11 11:17:43', '2025-12-11 11:17:43'),
(804, 6, 5, '2025-12-11 11:17:43', '2025-12-11 11:17:43'),
(808, 8, 2, '2025-12-11 11:17:43', '2025-12-11 11:17:43'),
(813, 6, 7, '2025-12-11 11:17:43', '2025-12-11 11:17:43'),
(817, 7, 15, '2025-12-11 11:17:43', '2025-12-11 11:17:43'),
(822, 10, 9, '2025-12-11 11:17:43', '2025-12-11 11:17:43'),
(826, 10, 17, '2025-12-11 11:17:43', '2025-12-11 11:17:43'),
(827, 4, 18, '2025-12-11 11:17:43', '2025-12-11 11:17:43'),
(832, 4, 15, '2025-12-11 11:17:43', '2025-12-11 11:17:43'),
(837, 10, 13, '2025-12-11 11:17:43', '2025-12-11 11:17:43'),
(839, 5, 8, '2025-12-11 11:17:43', '2025-12-11 11:17:43'),
(860, 10, 5, '2025-12-11 11:17:43', '2025-12-11 11:17:43'),
(861, 8, 16, '2025-12-11 11:17:43', '2025-12-11 11:17:43'),
(869, 6, 6, '2025-12-11 11:17:43', '2025-12-11 11:17:43'),
(874, 6, 21, '2025-12-11 11:17:43', '2025-12-11 11:17:43'),
(875, 2, 2, '2025-12-11 11:17:43', '2025-12-11 11:17:43'),
(880, 11, 9, '2025-12-11 11:17:43', '2025-12-11 11:17:43'),
(884, 11, 15, '2025-12-11 11:17:43', '2025-12-11 11:17:43'),
(898, 2, 19, '2025-12-11 11:17:43', '2025-12-11 11:17:43'),
(909, 5, 5, '2025-12-11 11:17:43', '2025-12-11 11:17:43'),
(925, 11, 17, '2025-12-11 11:17:43', '2025-12-11 11:17:43'),
(927, 10, 21, '2025-12-11 11:17:43', '2025-12-11 11:17:43'),
(940, 3, 17, '2025-12-11 11:17:43', '2025-12-11 11:17:43'),
(941, 11, 12, '2025-12-11 11:17:43', '2025-12-11 11:17:43'),
(943, 6, 18, '2025-12-11 11:17:43', '2025-12-11 11:17:43'),
(944, 6, 13, '2025-12-11 11:17:43', '2025-12-11 11:17:43'),
(950, 4, 1, '2025-12-11 11:17:43', '2025-12-11 11:17:43'),
(957, 4, 21, '2025-12-11 11:17:43', '2025-12-11 11:17:43'),
(964, 8, 12, '2025-12-11 11:17:43', '2025-12-11 11:17:43'),
(965, 4, 11, '2025-12-11 11:17:43', '2025-12-11 11:17:43'),
(966, 3, 21, '2025-12-11 11:17:43', '2025-12-11 11:17:43'),
(970, 6, 21, '2025-12-11 11:17:43', '2025-12-11 11:17:43'),
(975, 3, 22, '2025-12-11 11:17:43', '2025-12-11 11:17:43'),
(979, 7, 4, '2025-12-11 11:17:43', '2025-12-11 11:17:43'),
(980, 2, 20, '2025-12-11 11:17:43', '2025-12-11 11:17:43'),
(991, 7, 3, '2025-12-11 11:17:43', '2025-12-11 11:17:43'),
(995, 3, 5, '2025-12-11 11:17:43', '2025-12-11 11:17:43'),
(996, 2, 11, '2025-12-11 11:17:43', '2025-12-11 11:17:43'),
(997, 5, 19, '2025-12-11 11:17:43', '2025-12-11 11:17:43'),
(1001, 1, 9, '2025-12-11 13:29:39', '2025-12-11 13:29:39'),
(1005, 1, 27, '2025-12-15 20:15:28', '2025-12-15 20:15:28'),
(1006, 1, 7, '2025-12-16 10:52:36', '2025-12-16 10:52:36');

-- --------------------------------------------------------

--
-- Table structure for table `migrations`
--

CREATE TABLE `migrations` (
  `id` int(10) UNSIGNED NOT NULL,
  `migration` varchar(255) NOT NULL,
  `batch` int(11) NOT NULL
) ENGINE=InnoDB DEFAULT CHARSET=utf8mb4 COLLATE=utf8mb4_unicode_ci;

--
-- Dumping data for table `migrations`
--

INSERT INTO `migrations` (`id`, `migration`, `batch`) VALUES
(183, '0001_01_01_000000_create_users_table', 1),
(184, '0001_01_01_000001_create_cache_table', 1),
(185, '0001_01_01_000002_create_jobs_table', 1),
(186, '2024_06_16_152700_create_genres_table', 1),
(187, '2024_06_16_152828_create_order_statuses_table', 1),
(188, '2024_06_16_155520_create_books_table', 1),
(189, '2024_06_16_155748_create_orders_table', 1),
(190, '2024_06_16_155759_create_order_details_table', 1),
(191, '2024_06_16_155803_create_regions_table', 1),
(192, '2024_06_16_155809_create_likes_table', 1),
(193, '2024_06_16_160016_edit_users_table', 1),
(194, '2024_06_21_142727_create_personal_access_tokens_table', 1),
(195, '2024_07_14_140743_create_reviews_table', 1),
(196, '2024_07_14_140753_create_upvotes_table', 1);

-- --------------------------------------------------------

--
-- Table structure for table `orders`
--

CREATE TABLE `orders` (
  `id` bigint(20) UNSIGNED NOT NULL,
  `subtotal` int(10) UNSIGNED NOT NULL,
  `shipping` int(10) UNSIGNED NOT NULL,
  `total` int(10) UNSIGNED NOT NULL,
  `shipping_region` text NOT NULL,
  `shipping_address` text NOT NULL,
  `shipping_type` text NOT NULL,
  `shipping_name` text NOT NULL,
  `shipping_phone` text NOT NULL,
  `user_id` bigint(20) UNSIGNED DEFAULT NULL,
  `order_status_id` bigint(20) UNSIGNED NOT NULL,
  `created_at` timestamp NULL DEFAULT NULL,
  `updated_at` timestamp NULL DEFAULT NULL
) ENGINE=InnoDB DEFAULT CHARSET=utf8mb4 COLLATE=utf8mb4_unicode_ci;

--
-- Dumping data for table `orders`
--

INSERT INTO `orders` (`id`, `subtotal`, `shipping`, `total`, `shipping_region`, `shipping_address`, `shipping_type`, `shipping_name`, `shipping_phone`, `user_id`, `order_status_id`, `created_at`, `updated_at`) VALUES
(12, 4387, 487, 4385, 'South Easton', '76003 Forrest Village Suite 434\nGusikowskiport, MI 36507-4682', 'Pick-up Desk', 'Anais Will', '+1-520-894-3507', 10, 3, '2025-12-11 11:17:42', '2025-12-11 11:17:42'),
(13, 7052, 679, 3377, 'Kuvalisbury', '341 Maxwell Squares Suite 223\nRobelhaven, AK 04335-1784', 'Pick-up Desk', 'Orion Waters DVM', '+1.334.616.4002', 10, 3, '2025-12-11 11:17:42', '2025-12-11 11:17:42'),
(18, 6585, 680, 9365, 'Abernathyfort', '6498 Judah Dale Apt. 264\nPreciousmouth, MA 81938-2532', 'A Domicile', 'Dr. Aleen Sanford Jr.', '+1-615-332-4029', 3, 3, '2025-12-11 11:17:42', '2025-12-11 11:17:42'),
(24, 7020, 684, 7476, 'Lake Kristofferbury', '61204 Block Station Suite 942\nLake Bethelton, WV 42468-8156', 'Pick-up Desk', 'Mr. Grayce Oberbrunner DDS', '(279) 470-2116', 5, 4, '2025-12-11 11:17:42', '2025-12-11 11:17:42'),
(29, 1532, 495, 6952, 'South Lexihaven', '30467 Hagenes Rapids Suite 999\nDestineeland, MD 34964-8147', 'Pick-up Desk', 'Marilie Mayert', '(574) 702-1855', 2, 5, '2025-12-11 11:17:42', '2025-12-11 11:17:42'),
(36, 2602, 586, 5701, 'Deechester', '6751 Selmer Ways\nHansenbury, MN 16090', 'Pick-up Desk', 'Miss Elisabeth Bosco', '1-563-519-4843', 11, 1, '2025-12-11 11:17:42', '2025-12-11 11:17:42'),
(43, 5140, 815, 4539, 'Katelynfurt', '621 Nolan Locks Apt. 718\nNew Joanieberg, LA 05204', 'Pick-up Desk', 'Dr. Holly Larson', '(316) 914-3409', 10, 1, '2025-12-11 11:17:42', '2025-12-11 11:17:42'),
(46, 2478, 489, 3352, 'Vandervortborough', '1366 Mertie Well Apt. 629\nLake Zakary, WI 42731-3021', 'Pick-up Desk', 'Daisy O\'Reilly', '313-634-0108', 10, 5, '2025-12-11 11:17:42', '2025-12-11 11:17:42'),
(59, 7979, 476, 7501, 'Kozeytown', '855 Jeramy Islands Apt. 908\nCorkeryshire, VA 85510', 'A Domicile', 'Prof. Ferne Cartwright IV', '1-682-778-0829', 7, 1, '2025-12-11 11:17:42', '2025-12-11 11:17:42'),
(60, 7481, 805, 1884, 'South Gabriellemouth', '987 Frami Union\nNew Ricoport, ID 65339-8152', 'A Domicile', 'Dr. Tom Moen Jr.', '614.549.5969', 8, 2, '2025-12-11 11:17:42', '2025-12-11 11:17:42'),
(63, 3452, 610, 3299, 'Barrowsville', '87842 Kiana Overpass Apt. 933\nDonaldmouth, DE 08728', 'Pick-up Desk', 'Lydia Haley', '+1.234.960.1150', 9, 1, '2025-12-11 11:17:42', '2025-12-11 11:17:42'),
(65, 7678, 578, 5244, 'Rubyshire', '347 Rozella Shores\nSouth Orinmouth, OK 46647-5113', 'Pick-up Desk', 'Ms. Iliana Lang', '351-772-3791', 8, 3, '2025-12-11 11:17:42', '2025-12-11 11:17:42'),
(67, 7620, 446, 2802, 'South Ricotown', '7193 Gleason Well\nSouth Yvette, TX 07765', 'Pick-up Desk', 'Mr. Keshaun Jakubowski', '219-740-9455', 3, 4, '2025-12-11 11:17:42', '2025-12-11 11:17:42'),
(71, 6064, 792, 1297, 'Cartwrightville', '7970 Kuhlman Unions Suite 817\nErynborough, WA 57184-9281', 'Pick-up Desk', 'Rosanna Dickinson', '+1 (475) 441-1502', 8, 5, '2025-12-11 11:17:42', '2025-12-11 11:17:42'),
(79, 6960, 688, 7933, 'Coltberg', '627 Kasandra Club Suite 705\nCasperfurt, IA 48411', 'Pick-up Desk', 'Eloisa Howe', '+1-732-855-5457', 8, 4, '2025-12-11 11:17:42', '2025-12-11 11:17:42'),
(84, 4001, 407, 7653, 'Parisianbury', '2424 Efren Mission Apt. 605\nHettietown, UT 59502', 'A Domicile', 'Nasir Lowe Sr.', '+13257130850', 5, 4, '2025-12-11 11:17:42', '2025-12-11 11:17:42'),
(85, 3341, 570, 6746, 'East Mafaldaburgh', '3702 Darian Ford Apt. 495\nRichardborough, NJ 32192', 'A Domicile', 'Ambrose Hayes', '269.809.6664', 7, 2, '2025-12-11 11:17:42', '2025-12-11 11:17:42'),
(112, 1312, 467, 3315, 'Kundeville', '7764 Lenore Village Suite 734\nHerminiaville, MS 09447', 'A Domicile', 'Prof. Gaetano Miller', '1-651-541-0278', 10, 2, '2025-12-11 11:17:42', '2025-12-11 11:17:42'),
(122, 1584, 407, 1140, 'North Keltonbury', '87382 Rosemarie Drive Apt. 412\nZboncakport, AK 57971-8580', 'Pick-up Desk', 'Uriah Klocko', '+12484624465', 6, 5, '2025-12-11 11:17:42', '2025-12-11 11:17:42'),
(129, 7181, 451, 2981, 'Tracyport', '248 Werner Loop Apt. 128\nCarrollhaven, SD 31969', 'A Domicile', 'Isaiah Blanda V', '1-517-417-1124', 4, 5, '2025-12-11 11:17:42', '2025-12-11 11:17:42'),
(131, 6818, 847, 4825, 'Shieldsside', '88539 Ernest Isle Apt. 343\nNorth Sasha, HI 36936', 'Pick-up Desk', 'Fredy Lynch', '667.809.7657', 4, 4, '2025-12-11 11:17:42', '2025-12-11 11:17:42'),
(133, 1080, 723, 9101, 'Maryborough', '91652 Lavon Meadow Suite 728\nRoycefurt, SC 22655', 'Pick-up Desk', 'Henri Boyer', '1-515-730-7932', 6, 5, '2025-12-11 11:17:42', '2025-12-11 11:17:42'),
(139, 7981, 531, 3683, 'Lake Marcelinoview', '29829 Thiel Wells Suite 586\nJordychester, NJ 94776-6866', 'A Domicile', 'Matilda Bartell I', '(217) 261-0163', 3, 5, '2025-12-11 11:17:42', '2025-12-11 11:17:42'),
(140, 5406, 790, 2707, 'Port Myaview', '5141 Terry Overpass\nPort Moshehaven, WA 85644-1997', 'Pick-up Desk', 'Ulises Ritchie', '458-950-5031', 7, 4, '2025-12-11 11:17:42', '2025-12-11 11:17:42'),
(143, 966, 721, 6988, 'South Micheleborough', '843 Roslyn Cove\nSouth Cadenfort, AR 91516', 'A Domicile', 'Jedediah Zboncak', '(830) 364-0914', 3, 1, '2025-12-11 11:17:42', '2025-12-11 11:17:42'),
(145, 6067, 412, 6533, 'New Johnniehaven', '8532 Rebeca Light Apt. 117\nHettiechester, DE 89179-3396', 'A Domicile', 'Vicky Jakubowski', '+1.309.682.1121', 11, 2, '2025-12-11 11:17:42', '2025-12-11 11:17:42'),
(147, 6831, 410, 5485, 'New Rexside', '6281 Margarete Mount Apt. 413\nLake Grady, HI 13054', 'Pick-up Desk', 'Dayna Buckridge', '+12348978601', 11, 3, '2025-12-11 11:17:42', '2025-12-11 11:17:42'),
(150, 5379, 761, 1659, 'Monatown', '59562 Altenwerth Bridge\nCandidachester, RI 35798-9134', 'A Domicile', 'Syble Shanahan', '802.945.0919', 7, 1, '2025-12-11 11:17:42', '2025-12-11 11:17:42'),
(151, 1900, 633, 2533, 'Naâma', '7560 Tyree Viaduct\nRathburgh, MS 08513-9352', 'Home delivery', 'Chance Wintheiser', '386.537.1752', 2, 1, '2025-12-11 12:08:34', '2025-12-11 12:08:34'),
(152, 550, 835, 1385, 'Biskra', '150 LOGTS Bejaoui El-Alia Biskra', 'Home delivery', 'Sohaib Khiaf', '0659595372', 1, 1, '2025-12-15 17:58:33', '2025-12-15 17:58:33');

-- --------------------------------------------------------

--
-- Table structure for table `order_details`
--

CREATE TABLE `order_details` (
  `id` bigint(20) UNSIGNED NOT NULL,
  `book_title` varchar(255) NOT NULL,
  `quantity` int(10) UNSIGNED NOT NULL,
  `unit_price` int(10) UNSIGNED NOT NULL,
  `order_id` bigint(20) UNSIGNED NOT NULL,
  `book_id` bigint(20) UNSIGNED DEFAULT NULL,
  `created_at` timestamp NULL DEFAULT NULL,
  `updated_at` timestamp NULL DEFAULT NULL
) ENGINE=InnoDB DEFAULT CHARSET=utf8mb4 COLLATE=utf8mb4_unicode_ci;

--
-- Dumping data for table `order_details`
--

INSERT INTO `order_details` (`id`, `book_title`, `quantity`, `unit_price`, `order_id`, `book_id`, `created_at`, `updated_at`) VALUES
(30, 'Quia et delectus aut.', 2, 2469, 12, 12, '2025-12-11 11:17:42', '2025-12-11 11:17:42'),
(31, 'Ex earum quam quia cum.', 2, 1746, 12, 2, '2025-12-11 11:17:42', '2025-12-11 11:17:42'),
(32, 'Ut accusamus vero voluptate.', 1, 993, 13, 19, '2025-12-11 11:17:42', '2025-12-11 11:17:42'),
(33, 'Dolores dignissimos quod.', 1, 911, 13, 6, '2025-12-11 11:17:42', '2025-12-11 11:17:42'),
(39, 'Odio ipsam iste qui.', 2, 926, 18, 22, '2025-12-11 11:17:42', '2025-12-11 11:17:42'),
(40, 'Vel doloremque voluptatem.', 1, 1908, 18, 21, '2025-12-11 11:17:42', '2025-12-11 11:17:42'),
(49, 'Non nisi sed.', 1, 1954, 24, 17, '2025-12-11 11:17:42', '2025-12-11 11:17:42'),
(50, 'Ratione eligendi omnis.', 2, 1182, 24, 19, '2025-12-11 11:17:42', '2025-12-11 11:17:42'),
(58, 'Libero voluptates et nobis.', 2, 1478, 29, 12, '2025-12-11 11:17:42', '2025-12-11 11:17:42'),
(59, 'Dolor autem placeat.', 1, 2445, 29, 16, '2025-12-11 11:17:42', '2025-12-11 11:17:42'),
(76, 'Esse eum veniam rerum.', 2, 1243, 36, 17, '2025-12-11 11:17:42', '2025-12-11 11:17:42'),
(77, 'Perferendis numquam eum.', 1, 2010, 36, 3, '2025-12-11 11:17:42', '2025-12-11 11:17:42'),
(78, 'Maiores at.', 1, 766, 36, 2, '2025-12-11 11:17:42', '2025-12-11 11:17:42'),
(79, 'Qui perspiciatis corporis porro in.', 1, 1135, 36, 13, '2025-12-11 11:17:42', '2025-12-11 11:17:42'),
(80, 'Doloremque quidem harum aut.', 2, 2365, 36, 18, '2025-12-11 11:17:42', '2025-12-11 11:17:42'),
(96, 'Quia amet eos et.', 2, 857, 43, 6, '2025-12-11 11:17:42', '2025-12-11 11:17:42'),
(97, 'Assumenda iure facere.', 1, 1404, 43, 7, '2025-12-11 11:17:42', '2025-12-11 11:17:42'),
(98, 'Consequatur et.', 2, 2039, 43, 16, '2025-12-11 11:17:42', '2025-12-11 11:17:42'),
(103, 'Porro et distinctio.', 1, 843, 46, 16, '2025-12-11 11:17:42', '2025-12-11 11:17:42'),
(132, 'Temporibus deleniti dolores accusamus.', 2, 1172, 59, 17, '2025-12-11 11:17:42', '2025-12-11 11:17:42'),
(133, 'Fugiat enim.', 1, 1181, 59, 2, '2025-12-11 11:17:42', '2025-12-11 11:17:42'),
(134, 'Quod et ducimus.', 1, 1976, 59, 9, '2025-12-11 11:17:42', '2025-12-11 11:17:42'),
(135, 'Quibusdam excepturi quae eos.', 1, 978, 60, 12, '2025-12-11 11:17:42', '2025-12-11 11:17:42'),
(136, 'Ratione corrupti voluptatem placeat.', 1, 922, 60, 6, '2025-12-11 11:17:42', '2025-12-11 11:17:42'),
(140, 'Magnam reprehenderit molestias.', 1, 768, 63, 22, '2025-12-11 11:17:42', '2025-12-11 11:17:42'),
(141, 'Vitae adipisci minus molestiae.', 1, 1103, 63, 6, '2025-12-11 11:17:42', '2025-12-11 11:17:42'),
(142, 'Delectus atque quis mollitia.', 1, 2224, 63, 19, '2025-12-11 11:17:42', '2025-12-11 11:17:42'),
(146, 'Autem beatae optio et.', 2, 832, 65, 21, '2025-12-11 11:17:42', '2025-12-11 11:17:42'),
(148, 'Dolore repellat mollitia.', 1, 997, 67, 11, '2025-12-11 11:17:42', '2025-12-11 11:17:42'),
(149, 'Nostrum quia pariatur.', 1, 1792, 67, 13, '2025-12-11 11:17:42', '2025-12-11 11:17:42'),
(161, 'Est excepturi recusandae iste.', 2, 1943, 71, 14, '2025-12-11 11:17:42', '2025-12-11 11:17:42'),
(162, 'Amet est sint nostrum iusto.', 2, 2234, 71, 22, '2025-12-11 11:17:42', '2025-12-11 11:17:42'),
(163, 'Fugiat iste porro qui.', 2, 1383, 71, 8, '2025-12-11 11:17:42', '2025-12-11 11:17:42'),
(164, 'Perferendis autem.', 1, 1775, 71, 1, '2025-12-11 11:17:42', '2025-12-11 11:17:42'),
(184, 'Omnis adipisci quis quia.', 2, 1080, 79, 15, '2025-12-11 11:17:42', '2025-12-11 11:17:42'),
(195, 'Dolore magnam omnis facere corrupti.', 2, 1869, 84, 4, '2025-12-11 11:17:42', '2025-12-11 11:17:42'),
(196, 'Aut ipsam ipsa accusantium non.', 1, 1231, 85, 8, '2025-12-11 11:17:42', '2025-12-11 11:17:42'),
(197, 'Quae reprehenderit nihil et itaque.', 1, 889, 85, 14, '2025-12-11 11:17:42', '2025-12-11 11:17:42'),
(198, 'Ex repellendus laudantium praesentium.', 1, 1643, 85, 4, '2025-12-11 11:17:42', '2025-12-11 11:17:42'),
(199, 'Voluptatibus molestias ea doloremque et.', 2, 1926, 85, 21, '2025-12-11 11:17:42', '2025-12-11 11:17:42'),
(265, 'Qui voluptatem fugiat.', 1, 1618, 112, 11, '2025-12-11 11:17:42', '2025-12-11 11:17:42'),
(266, 'Maxime pariatur eum nam.', 2, 2444, 112, 6, '2025-12-11 11:17:42', '2025-12-11 11:17:42'),
(289, 'Ad ad dignissimos incidunt.', 2, 774, 122, 13, '2025-12-11 11:17:42', '2025-12-11 11:17:42'),
(290, 'Sint ipsum sint nihil.', 1, 2162, 122, 10, '2025-12-11 11:17:42', '2025-12-11 11:17:42'),
(302, 'Sed quam nostrum deserunt.', 1, 1846, 129, 20, '2025-12-11 11:17:42', '2025-12-11 11:17:42'),
(303, 'Dolorem tenetur molestias vitae.', 1, 2207, 129, 2, '2025-12-11 11:17:42', '2025-12-11 11:17:42'),
(304, 'A quo hic architecto consequatur.', 2, 2367, 129, 6, '2025-12-11 11:17:42', '2025-12-11 11:17:42'),
(305, 'Omnis consequatur totam iusto.', 2, 1391, 129, 16, '2025-12-11 11:17:42', '2025-12-11 11:17:42'),
(308, 'Officia eius quo.', 1, 1393, 131, 7, '2025-12-11 11:17:42', '2025-12-11 11:17:42'),
(309, 'Eius dolorum reiciendis itaque.', 2, 1424, 131, 1, '2025-12-11 11:17:42', '2025-12-11 11:17:42'),
(310, 'Exercitationem expedita labore reprehenderit.', 2, 1202, 131, 5, '2025-12-11 11:17:42', '2025-12-11 11:17:42'),
(313, 'Qui laudantium.', 2, 1247, 133, 22, '2025-12-11 11:17:42', '2025-12-11 11:17:42'),
(326, 'Quod eaque rerum rerum.', 1, 1333, 139, 17, '2025-12-11 11:17:42', '2025-12-11 11:17:42'),
(327, 'Qui molestias.', 2, 1214, 139, 17, '2025-12-11 11:17:42', '2025-12-11 11:17:42'),
(328, 'Quo voluptatum nulla ipsum.', 2, 1827, 139, 9, '2025-12-11 11:17:42', '2025-12-11 11:17:42'),
(329, 'Ut sunt sit.', 2, 1478, 140, 21, '2025-12-11 11:17:42', '2025-12-11 11:17:42'),
(330, 'Doloremque consequatur aliquam voluptatem.', 2, 1560, 140, 13, '2025-12-11 11:17:42', '2025-12-11 11:17:42'),
(331, 'Ex soluta illum dolor.', 2, 759, 140, 3, '2025-12-11 11:17:42', '2025-12-11 11:17:42'),
(332, 'Natus labore ipsum aut.', 1, 1336, 140, 18, '2025-12-11 11:17:42', '2025-12-11 11:17:42'),
(338, 'Vitae velit magnam qui iusto.', 1, 2244, 143, 15, '2025-12-11 11:17:42', '2025-12-11 11:17:42'),
(339, 'Sunt deserunt.', 2, 1465, 143, 12, '2025-12-11 11:17:42', '2025-12-11 11:17:42'),
(341, 'Esse libero nobis ut.', 1, 1847, 145, 1, '2025-12-11 11:17:42', '2025-12-11 11:17:42'),
(342, 'Aut totam.', 1, 2106, 145, 8, '2025-12-11 11:17:42', '2025-12-11 11:17:42'),
(343, 'Consequatur vel facere voluptas.', 1, 1900, 145, 20, '2025-12-11 11:17:42', '2025-12-11 11:17:42'),
(344, 'Laudantium adipisci magni.', 1, 2382, 145, 2, '2025-12-11 11:17:42', '2025-12-11 11:17:42'),
(345, 'Ut placeat et iste.', 1, 739, 145, 4, '2025-12-11 11:17:42', '2025-12-11 11:17:42'),
(349, 'Quos enim natus expedita.', 1, 882, 147, 10, '2025-12-11 11:17:42', '2025-12-11 11:17:42'),
(350, 'Debitis et vel omnis voluptatibus.', 1, 1572, 147, 2, '2025-12-11 11:17:42', '2025-12-11 11:17:42'),
(355, 'Rerum eum qui rerum quas.', 2, 819, 150, 14, '2025-12-11 11:17:42', '2025-12-11 11:17:42'),
(356, 'Officiis cupiditate provident quis.', 1, 1978, 150, 20, '2025-12-11 11:17:42', '2025-12-11 11:17:42'),
(357, 'أماريتا', 2, 950, 151, 5, '2025-12-11 12:08:34', '2025-12-11 12:08:34'),
(358, 'خطواتي الأولى في التخطيط والكتابة', 1, 550, 152, NULL, '2025-12-15 17:58:33', '2025-12-15 17:58:33');

-- --------------------------------------------------------

--
-- Table structure for table `order_statuses`
--

CREATE TABLE `order_statuses` (
  `id` bigint(20) UNSIGNED NOT NULL,
  `en_message` varchar(255) NOT NULL,
  `ar_message` varchar(255) NOT NULL,
  `fr_message` varchar(255) NOT NULL,
  `created_at` timestamp NULL DEFAULT NULL,
  `updated_at` timestamp NULL DEFAULT NULL
) ENGINE=InnoDB DEFAULT CHARSET=utf8mb4 COLLATE=utf8mb4_unicode_ci;

--
-- Dumping data for table `order_statuses`
--

INSERT INTO `order_statuses` (`id`, `en_message`, `ar_message`, `fr_message`, `created_at`, `updated_at`) VALUES
(1, 'Processing', 'قيد المعالجة', 'En cours de traitement', '2025-12-11 11:17:41', '2025-12-11 11:17:41'),
(2, 'Delivering', 'قيد الإرسال', 'En cours de livraison', '2025-12-11 11:17:41', '2025-12-11 11:17:41'),
(3, 'Delivered', 'تم التسليم', 'Livrée', '2025-12-11 11:17:41', '2025-12-11 11:17:41'),
(4, 'Canceled', 'تم إلغاؤه', 'Annulée', '2025-12-11 11:17:41', '2025-12-11 11:17:41'),
(5, 'Returned', 'تم إرجاعه', 'Retourée', '2025-12-11 11:17:41', '2025-12-11 11:17:41');

-- --------------------------------------------------------

--
-- Table structure for table `password_reset_tokens`
--

CREATE TABLE `password_reset_tokens` (
  `email` varchar(255) NOT NULL,
  `token` varchar(255) NOT NULL,
  `created_at` timestamp NULL DEFAULT NULL
) ENGINE=InnoDB DEFAULT CHARSET=utf8mb4 COLLATE=utf8mb4_unicode_ci;

-- --------------------------------------------------------

--
-- Table structure for table `personal_access_tokens`
--

CREATE TABLE `personal_access_tokens` (
  `id` bigint(20) UNSIGNED NOT NULL,
  `tokenable_type` varchar(255) NOT NULL,
  `tokenable_id` bigint(20) UNSIGNED NOT NULL,
  `name` varchar(255) NOT NULL,
  `token` varchar(64) NOT NULL,
  `abilities` text DEFAULT NULL,
  `last_used_at` timestamp NULL DEFAULT NULL,
  `expires_at` timestamp NULL DEFAULT NULL,
  `created_at` timestamp NULL DEFAULT NULL,
  `updated_at` timestamp NULL DEFAULT NULL
) ENGINE=InnoDB DEFAULT CHARSET=utf8mb4 COLLATE=utf8mb4_unicode_ci;

-- --------------------------------------------------------

--
-- Table structure for table `regions`
--

CREATE TABLE `regions` (
  `id` bigint(20) UNSIGNED NOT NULL,
  `fr_name` varchar(255) NOT NULL,
  `ar_name` varchar(255) NOT NULL,
  `enabled` tinyint(1) NOT NULL,
  `stop_desk` int(10) UNSIGNED NOT NULL,
  `a_domicile` int(10) UNSIGNED NOT NULL,
  `created_at` timestamp NULL DEFAULT NULL,
  `updated_at` timestamp NULL DEFAULT NULL
) ENGINE=InnoDB DEFAULT CHARSET=utf8mb4 COLLATE=utf8mb4_unicode_ci;

--
-- Dumping data for table `regions`
--

INSERT INTO `regions` (`id`, `fr_name`, `ar_name`, `enabled`, `stop_desk`, `a_domicile`, `created_at`, `updated_at`) VALUES
(1, 'Adrar', 'أدرار', 1, 561, 694, '2025-12-11 11:17:41', '2025-12-11 11:17:41'),
(2, 'Chlef', 'الشلف', 1, 526, 738, '2025-12-11 11:17:41', '2025-12-11 11:17:41'),
(3, 'Laghouat', 'الأغواط', 1, 436, 673, '2025-12-11 11:17:41', '2025-12-11 11:17:41'),
(4, 'Oum el-Bouaghi', 'أم البواقي', 1, 572, 598, '2025-12-11 11:17:41', '2025-12-11 11:17:41'),
(5, 'Batna', 'باتنة', 1, 439, 832, '2025-12-11 11:17:41', '2025-12-11 11:17:41'),
(6, 'Béjaïa', 'بجاية', 1, 449, 799, '2025-12-11 11:17:41', '2025-12-11 11:17:41'),
(7, 'Biskra', 'بسكرة', 1, 496, 835, '2025-12-11 11:17:41', '2025-12-11 11:17:41'),
(8, 'Béchar', 'بشار', 1, 538, 820, '2025-12-11 11:17:41', '2025-12-11 11:17:41'),
(9, 'Blida', 'البليدة', 1, 437, 804, '2025-12-11 11:17:41', '2025-12-11 11:17:41'),
(10, 'Bouira', 'البويرة', 1, 470, 639, '2025-12-11 11:17:41', '2025-12-11 11:17:41'),
(11, 'Tamanrasset', 'تمنراست', 1, 476, 774, '2025-12-11 11:17:41', '2025-12-11 11:17:41'),
(12, 'Tébessa', 'تبسة', 1, 507, 702, '2025-12-11 11:17:41', '2025-12-11 11:17:41'),
(13, 'Tlemcen', 'تلمسان', 1, 400, 663, '2025-12-11 11:17:41', '2025-12-11 11:17:41'),
(14, 'Tiaret', 'تيارت', 1, 580, 775, '2025-12-11 11:17:41', '2025-12-11 11:17:41'),
(15, 'Tizi Ouzou', 'تيزي وزو', 1, 531, 680, '2025-12-11 11:17:41', '2025-12-11 11:17:41'),
(16, 'Algiers', 'الجزائر', 1, 597, 843, '2025-12-11 11:17:41', '2025-12-11 11:17:41'),
(17, 'Djelfa', 'الجلفة', 1, 462, 745, '2025-12-11 11:17:41', '2025-12-11 11:17:41'),
(18, 'Jijel', 'جيجل', 1, 444, 621, '2025-12-11 11:17:41', '2025-12-11 11:17:41'),
(19, 'Sétif', 'سطيف', 1, 543, 571, '2025-12-11 11:17:41', '2025-12-11 11:17:41'),
(20, 'Saïda', 'سعيدة', 1, 445, 845, '2025-12-11 11:17:41', '2025-12-11 11:17:41'),
(21, 'Skikda', 'سكيكدة', 1, 402, 823, '2025-12-11 11:17:41', '2025-12-11 11:17:41'),
(22, 'Sidi Bel Abbès', 'سيدي بلعباس', 1, 401, 705, '2025-12-11 11:17:41', '2025-12-11 11:17:41'),
(23, 'Annaba', 'عنابة', 1, 571, 828, '2025-12-11 11:17:41', '2025-12-11 11:17:41'),
(24, 'Guelma', 'قالمة', 1, 418, 667, '2025-12-11 11:17:41', '2025-12-11 11:17:41'),
(25, 'Constantine', 'قسنطينة', 1, 530, 706, '2025-12-11 11:17:41', '2025-12-11 11:17:41'),
(26, 'Médéa', 'المدية', 1, 433, 566, '2025-12-11 11:17:41', '2025-12-11 11:17:41'),
(27, 'Mostaganem', 'مستغانم', 1, 517, 738, '2025-12-11 11:17:41', '2025-12-11 11:17:41'),
(28, 'M\'Sila', 'المسيلة', 1, 433, 586, '2025-12-11 11:17:41', '2025-12-11 11:17:41'),
(29, 'Mascara', 'معسكر', 1, 518, 836, '2025-12-11 11:17:41', '2025-12-11 11:17:41'),
(30, 'Ouargla', 'ورقلة', 1, 526, 632, '2025-12-11 11:17:41', '2025-12-11 11:17:41'),
(31, 'Oran', 'وهران', 1, 525, 773, '2025-12-11 11:17:41', '2025-12-11 11:17:41'),
(32, 'El Bayadh', 'البيض', 1, 565, 655, '2025-12-11 11:17:41', '2025-12-11 11:17:41'),
(33, 'Illizi', 'إليزي', 1, 432, 733, '2025-12-11 11:17:41', '2025-12-11 11:17:41'),
(34, 'Bordj Bou Arréridj', 'برج بوعريريج', 1, 400, 820, '2025-12-11 11:17:41', '2025-12-11 11:17:41'),
(35, 'Boumerdès', 'بومرداس', 1, 405, 584, '2025-12-11 11:17:41', '2025-12-11 11:17:41'),
(36, 'El Tarf', 'الطارف', 1, 464, 702, '2025-12-11 11:17:41', '2025-12-11 11:17:41'),
(37, 'Tindouf', 'تندوف', 1, 400, 602, '2025-12-11 11:17:41', '2025-12-11 11:17:41'),
(38, 'Tissemsilt', 'تيسمسيلت', 1, 568, 753, '2025-12-11 11:17:41', '2025-12-11 11:17:41'),
(39, 'El Oued', 'الوادي', 1, 520, 650, '2025-12-11 11:17:41', '2025-12-11 11:17:41'),
(40, 'Khenchela', 'خنشلة', 1, 468, 688, '2025-12-11 11:17:41', '2025-12-11 11:17:41'),
(41, 'Souk Ahras', 'سوق أهراس', 1, 486, 639, '2025-12-11 11:17:41', '2025-12-11 11:17:41'),
(42, 'Tipasa', 'تيبازة', 1, 512, 601, '2025-12-11 11:17:41', '2025-12-11 11:17:41'),
(43, 'Mila', 'ميلة', 1, 527, 653, '2025-12-11 11:17:41', '2025-12-11 11:17:41'),
(44, 'Aïn Defla', 'عين الدفلى', 1, 531, 729, '2025-12-11 11:17:41', '2025-12-11 11:17:41'),
(45, 'Naâma', 'النعامة', 1, 459, 633, '2025-12-11 11:17:41', '2025-12-11 11:17:41'),
(46, 'Aïn Témouchent', 'عين تموشنت', 1, 461, 662, '2025-12-11 11:17:41', '2025-12-11 11:17:41'),
(47, 'Ghardaïa', 'غرداية', 1, 493, 582, '2025-12-11 11:17:41', '2025-12-11 11:17:41'),
(48, 'Relizane', 'غليزان', 1, 525, 702, '2025-12-11 11:17:41', '2025-12-11 11:17:41'),
(49, 'Timimoun', 'تيميمون', 1, 419, 641, '2025-12-11 11:17:41', '2025-12-11 11:17:41'),
(50, 'Bordj Badji Mokhtar', 'برج باجي مختار', 1, 541, 842, '2025-12-11 11:17:41', '2025-12-11 11:17:41'),
(51, 'Ouled Djellal', 'أولاد جلال', 1, 428, 581, '2025-12-11 11:17:41', '2025-12-11 11:17:41'),
(52, 'Béni Abbès', 'بني عباس', 1, 417, 636, '2025-12-11 11:17:41', '2025-12-11 11:17:41'),
(53, 'In Salah', 'عين صالح', 1, 477, 780, '2025-12-11 11:17:41', '2025-12-11 11:17:41'),
(54, 'In Guezzam', 'عين قزام', 1, 504, 774, '2025-12-11 11:17:41', '2025-12-11 11:17:41'),
(55, 'Touggourt', 'تقرت', 1, 521, 602, '2025-12-11 11:17:41', '2025-12-11 11:17:41'),
(56, 'Djanet', 'جانت', 1, 577, 619, '2025-12-11 11:17:41', '2025-12-11 11:17:41'),
(57, 'El M\'Ghair', 'المغير', 1, 544, 825, '2025-12-11 11:17:41', '2025-12-11 11:17:41'),
(58, 'El Meniaa', 'المنيعة', 1, 504, 753, '2025-12-11 11:17:41', '2025-12-11 11:17:41'),
(59, 'Aflou', 'أفلو', 1, 542, 757, '2025-12-11 11:17:41', '2025-12-11 11:17:41'),
(60, 'El Abiodh Sidi Cheikh', 'الأبيض سيدي الشيخ', 1, 559, 663, '2025-12-11 11:17:41', '2025-12-11 11:17:41'),
(61, 'El Aricha', 'العريشة', 1, 448, 594, '2025-12-11 11:17:41', '2025-12-11 11:17:41'),
(62, 'El Kantara', 'القنطرة', 1, 465, 669, '2025-12-11 11:17:41', '2025-12-11 11:17:41'),
(63, 'Barika', 'بريكة', 1, 582, 664, '2025-12-11 11:17:41', '2025-12-11 11:17:41'),
(64, 'Bou Saâda', 'بوسعادة', 1, 575, 579, '2025-12-11 11:17:41', '2025-12-11 11:17:41'),
(65, 'Bir El Ater', 'بئر العاتر', 1, 477, 648, '2025-12-11 11:17:41', '2025-12-11 11:17:41'),
(66, 'Ksar El Boukhari', 'قصر البخاري', 1, 504, 657, '2025-12-11 11:17:41', '2025-12-11 11:17:41'),
(67, 'Ksar Chellala', 'قصر الشلالة', 1, 562, 572, '2025-12-11 11:17:41', '2025-12-11 11:17:41'),
(68, 'Aïn Oussara', 'عين وسارة', 1, 472, 639, '2025-12-11 11:17:41', '2025-12-11 11:17:41'),
(69, 'Messaad', 'مسعد', 1, 562, 632, '2025-12-11 11:17:41', '2025-12-11 11:17:41');

-- --------------------------------------------------------

--
-- Table structure for table `reviews`
--

CREATE TABLE `reviews` (
  `id` bigint(20) UNSIGNED NOT NULL,
  `review` text NOT NULL,
  `published` tinyint(1) NOT NULL DEFAULT 0,
  `edited` tinyint(1) NOT NULL DEFAULT 0,
  `user_id` bigint(20) UNSIGNED NOT NULL,
  `book_id` bigint(20) UNSIGNED NOT NULL,
  `created_at` timestamp NULL DEFAULT NULL,
  `updated_at` timestamp NULL DEFAULT NULL
) ENGINE=InnoDB DEFAULT CHARSET=utf8mb4 COLLATE=utf8mb4_unicode_ci;

--
-- Dumping data for table `reviews`
--

INSERT INTO `reviews` (`id`, `review`, `published`, `edited`, `user_id`, `book_id`, `created_at`, `updated_at`) VALUES
(1, 'كتاب عميق بأسلوب بسيط، يساعد القارئ على فهم جذور الصراع النفسي والوصول إلى سلام داخلي حقيقي.', 0, 1, 8, 1, '2025-12-11 11:17:43', '2025-12-11 11:17:43'),
(7, 'رواية مشوقة تأخذك في رحلة خيالية مليئة بالمغامرات والشخصيات المميزة، قراءة ممتعة من البداية للنهاية.', 0, 0, 1, 4, '2025-12-11 11:17:43', '2025-12-11 11:17:43'),
(15, 'أسلوب واضح وعميق، يجعل القارئ يدرك أهمية التخطيط والتنظيم وإدارة الأولويات.', 1, 0, 11, 21, '2025-12-11 11:17:43', '2025-12-11 11:17:43'),
(16, 'رواية مشوقة ومليئة بالغموض، الأحداث متقنة والشخصيات معقدة بطريقة تجعل القارئ مشدودًا طوال الوقت.', 0, 0, 10, 6, '2025-12-11 11:17:43', '2025-12-11 11:17:43'),
(17, 'أسلوب سلس وواضح، يجعل القارئ يعيد التفكير في أولوياته ويخفف الضغط النفسي اليومي.', 1, 0, 6, 10, '2025-12-11 11:17:43', '2025-12-11 11:17:43'),
(28, 'مزيج رائع بين الفلسفة العملية والنصائح الواقعية، يساعد على تبني موقف هادئ وواعي تجاه الحياة.', 1, 1, 2, 10, '2025-12-11 11:17:43', '2025-12-11 11:17:43'),
(31, 'طرح هادئ ومُلهم يغيّر طريقة نظرتك لأفكارك ومشاعرك. قراءة خفيفة بتأثير نفسي واضح.', 0, 0, 1, 1, '2025-12-11 11:17:43', '2025-12-11 11:17:43'),
(34, 'أمثلة عملية وحيل نفسية تجعل الكتاب مرجعًا ممتازًا لفهم سلوك العملاء وتحقيق المبيعات.', 0, 1, 10, 22, '2025-12-11 11:17:43', '2025-12-11 11:17:43'),
(42, 'رواية ساحرة تجمع بين الغموض والإثارة، أسلوب السرد مشوق يجعل القارئ غارقًا في أحداثها.', 0, 0, 4, 5, '2025-12-11 11:17:43', '2025-12-11 11:17:43'),
(57, 'أسلوب عملي وواضح، يقدم خطوات قابلة للتطبيق لتحسين السلوكيات وبناء عادات إيجابية مستدامة.', 1, 0, 9, 14, '2025-12-11 11:17:43', '2025-12-11 11:17:43'),
(60, 'حبكة مشوقة وأحداث غير متوقعة، تجعل الرواية صعبة التوقف عنها أثناء القراءة.', 0, 0, 2, 4, '2025-12-11 11:17:43', '2025-12-11 11:17:43'),
(61, 'Powerful storytelling with practical lessons on mental toughness and resilience.', 0, 0, 10, 20, '2025-12-11 11:17:43', '2025-12-11 11:17:43'),
(67, 'كتاب مفيد جدًا لفهم سلوكيات من حولنا وكيفية التعامل مع الأشخاص الصعبين بحكمة وذكاء.', 1, 0, 2, 2, '2025-12-11 11:17:43', '2025-12-11 11:17:43'),
(74, 'الخيال والإبداع في الكتاب مذهل، يجمع بين المغامرة والإثارة بطريقة سلسة وجذابة.', 0, 0, 11, 4, '2025-12-11 11:17:43', '2025-12-11 11:17:43'),
(78, 'حبكة قوية وشخصيات عميقة، تجعل الكتاب تجربة قراءة ممتعة ومليئة بالمشاعر.', 1, 0, 6, 5, '2025-12-11 11:17:43', '2025-12-11 11:17:43'),
(82, 'أسلوب سلس وأمثلة عملية، يجعل القراءة ممتعة ويعطي أدوات للتعامل مع الناس بطريقة أكثر فاعلية.', 0, 1, 11, 2, '2025-12-11 11:17:43', '2025-12-11 11:17:43'),
(86, 'مليء بالنصائح الواقعية، يساعد على التعرف على الأشخاص المرهقين وكيفية تجنّب الصراعات معهم.', 0, 0, 1, 2, '2025-12-11 11:17:43', '2025-12-11 11:17:43'),
(91, 'مزيج رائع من النظرية والتطبيق، يجعل القارئ يكتسب أدوات عملية لتطوير الذات بفعالية.', 0, 0, 9, 21, '2025-12-11 11:17:43', '2025-12-11 11:17:43'),
(100, 'لوريم إيبسوم دولر سيت أميت، كونسيكتيتور أديبيسسينغ إيليت. كونفاليس نولام كورسوس إيليت؛ ماسا كويزكي أليكويت إيو إيوزمود نيسي.', 1, 0, 7, 6, '2025-12-11 11:17:43', '2025-12-11 11:17:43'),
(106, 'Lorem ipsum odor amet, consectetuer adipiscing elit. Convallis nullam cursus elit; massa quisque aliquet eu euismod nisi.', 0, 0, 4, 11, '2025-12-11 11:17:43', '2025-12-11 11:17:43'),
(110, 'Lorem ipsum odor amet, consectetuer adipiscing elit. Convallis nullam cursus elit; massa quisque aliquet eu euismod nisi.', 1, 0, 11, 4, '2025-12-11 11:17:43', '2025-12-11 11:17:43'),
(117, 'كتاب عملي يعلّمك كيفية تحليل العادات وتعديلها لتحقيق نتائج إيجابية مستمرة.', 0, 1, 5, 19, '2025-12-11 11:17:43', '2025-12-11 11:17:43'),
(123, 'كتاب ملهم يحفّز على استغلال الصباح بفعالية لبناء عادات ناجحة وتحقيق الأهداف.', 0, 0, 2, 11, '2025-12-11 11:17:43', '2025-12-11 11:17:43'),
(130, 'يحتوي على رسائل قصيرة وواضحة تعين القارئ على التأمل وفهم معاني القرآن بشكل عملي.', 1, 0, 3, 3, '2025-12-11 11:17:43', '2025-12-11 11:17:43'),
(143, 'كتاب ملهم يقدّم مفاهيم مالية بسيطة وعملية تساعد على فهم الفرق بين التفكير المالي للفقراء والأغنياء.', 1, 1, 8, 7, '2025-12-11 11:17:43', '2025-12-11 11:17:43'),
(145, 'قراءة محفّزة تساعد على بناء وعي ذاتي قوي والابتعاد عن التعلق بالآخرين لإيجاد الراحة النفسية.', 1, 0, 9, 18, '2025-12-11 11:17:43', '2025-12-11 11:17:43'),
(146, 'Lorem ipsum odor amet, consectetuer adipiscing elit. Convallis nullam cursus elit; massa quisque aliquet eu euismod nisi.', 0, 1, 3, 21, '2025-12-11 11:17:43', '2025-12-11 11:17:43'),
(152, 'A fascinating read that reveals the hidden dynamics of power and influence in everyday life.', 0, 1, 1, 17, '2025-12-11 11:17:43', '2025-12-11 11:17:43');

-- --------------------------------------------------------

--
-- Table structure for table `sessions`
--

CREATE TABLE `sessions` (
  `id` varchar(255) NOT NULL,
  `user_id` bigint(20) UNSIGNED DEFAULT NULL,
  `ip_address` varchar(45) DEFAULT NULL,
  `user_agent` text DEFAULT NULL,
  `payload` longtext NOT NULL,
  `last_activity` int(11) NOT NULL
) ENGINE=InnoDB DEFAULT CHARSET=utf8mb4 COLLATE=utf8mb4_unicode_ci;

--
-- Dumping data for table `sessions`
--

INSERT INTO `sessions` (`id`, `user_id`, `ip_address`, `user_agent`, `payload`, `last_activity`) VALUES
('3ahkVTrrosqTLV9xgDaZiI1a3d7RIqlW8RBNHHQs', NULL, '51.195.183.118', 'Mozilla/5.0 (compatible; AhrefsBot/7.0; +http://ahrefs.com/robot/)', 'YTozOntzOjY6Il90b2tlbiI7czo0MDoiQnJUREpObkZHOTcwczV4d2hOaXlhb3BQS1lTYkhkazVJVnhYSDNKWCI7czo5OiJfcHJldmlvdXMiO2E6MTp7czozOiJ1cmwiO3M6NzA6Imh0dHBzOi8vd3d3LmRldmVlbnZpLmNvbS9taW1vdW5hYm9va3N0b3JlL2Jyb3dzZS8yL2Jvb2svcmV2aWV3cz9wYWdlPTEiO31zOjY6Il9mbGFzaCI7YToyOntzOjM6Im9sZCI7YTowOnt9czozOiJuZXciO2E6MDp7fX19', 1765886125),
('7AeE2IyjiGKVEnbkizTWTriPyIO0SYWK7cqvp5wU', NULL, '198.244.183.166', 'Mozilla/5.0 (compatible; AhrefsBot/7.0; +http://ahrefs.com/robot/)', 'YTozOntzOjY6Il90b2tlbiI7czo0MDoiTU5DMTVSRjNFcWtWeURSVHI2ZzhGRUpCWW9Gb0VpRG4xamhLakVzMSI7czo5OiJfcHJldmlvdXMiO2E6MTp7czozOiJ1cmwiO3M6NjM6Imh0dHBzOi8vd3d3LmRldmVlbnZpLmNvbS9taW1vdW5hYm9va3N0b3JlL2Jyb3dzZS8xL2Jvb2svcmV2aWV3cyI7fXM6NjoiX2ZsYXNoIjthOjI6e3M6Mzoib2xkIjthOjA6e31zOjM6Im5ldyI7YTowOnt9fX0=', 1765880277),
('ATRCbAdqHsHFvXqr1LRK15I1HwQxhTJFSVvLvpdD', NULL, '51.89.129.159', 'Mozilla/5.0 (compatible; AhrefsBot/7.0; +http://ahrefs.com/robot/)', 'YTozOntzOjY6Il90b2tlbiI7czo0MDoiNmRFRm8xbmljWmp4WmNTOFlzbW16Nk5jSDdHQmttQzBNNTdmT1pyVCI7czo5OiJfcHJldmlvdXMiO2E6MTp7czozOiJ1cmwiO3M6NjM6Imh0dHBzOi8vd3d3LmRldmVlbnZpLmNvbS9taW1vdW5hYm9va3N0b3JlL2Jyb3dzZS8zL2Jvb2svcmV2aWV3cyI7fXM6NjoiX2ZsYXNoIjthOjI6e3M6Mzoib2xkIjthOjA6e31zOjM6Im5ldyI7YTowOnt9fX0=', 1765884835),
('FVrUD9fWSq3O5ecAKUPOFcGBX9L8BUlbFzKSiUxZ', NULL, '51.195.215.122', 'Mozilla/5.0 (compatible; AhrefsBot/7.0; +http://ahrefs.com/robot/)', 'YTozOntzOjY6Il90b2tlbiI7czo0MDoiY04zVElzWGxXQk5HMGJhVHpUckJ6T2FoUEMxTjRPak5xVzRnNEo5biI7czo5OiJfcHJldmlvdXMiO2E6MTp7czozOiJ1cmwiO3M6NzA6Imh0dHBzOi8vd3d3LmRldmVlbnZpLmNvbS9taW1vdW5hYm9va3N0b3JlL2Jyb3dzZS8xL2Jvb2svcmV2aWV3cz9wYWdlPTEiO31zOjY6Il9mbGFzaCI7YToyOntzOjM6Im9sZCI7YTowOnt9czozOiJuZXciO2E6MDp7fX19', 1765887198),
('Fw4TA3muTvpN4B7s7miabwkSZGmFmuCTFipkPDjU', NULL, '198.244.226.244', 'Mozilla/5.0 (compatible; AhrefsBot/7.0; +http://ahrefs.com/robot/)', 'YTo0OntzOjY6Il90b2tlbiI7czo0MDoiRjdNMzRqOWhldXBFcDkwRXZNTmlobExNNFVaclhmR2VDT3dJeDIzTyI7czozOiJ1cmwiO2E6MTp7czo4OiJpbnRlbmRlZCI7czo3MjoiaHR0cHM6Ly93d3cuZGV2ZWVudmkuY29tL21pbW91bmFib29rc3RvcmUvYnJvd3NlLzIvcmV2aWV3cy9jcmVhdGUvcmV2aWV3Ijt9czo5OiJfcHJldmlvdXMiO2E6MTp7czozOiJ1cmwiO3M6NzI6Imh0dHBzOi8vd3d3LmRldmVlbnZpLmNvbS9taW1vdW5hYm9va3N0b3JlL2Jyb3dzZS8yL3Jldmlld3MvY3JlYXRlL3JldmlldyI7fXM6NjoiX2ZsYXNoIjthOjI6e3M6Mzoib2xkIjthOjA6e31zOjM6Im5ldyI7YTowOnt9fX0=', 1765881155),
('mo3n9tHrDCGJgkc20qpFIDHzsiArtFXXPgV9hkjR', NULL, '198.244.240.72', 'Mozilla/5.0 (compatible; AhrefsBot/7.0; +http://ahrefs.com/robot/)', 'YTozOntzOjY6Il90b2tlbiI7czo0MDoiNXFJQ2F6Nkw4cmlRYXl2cU5MSlNVNnphVThiaWJJdzF6SEJKM3llTCI7czo5OiJfcHJldmlvdXMiO2E6MTp7czozOiJ1cmwiO3M6NjM6Imh0dHBzOi8vd3d3LmRldmVlbnZpLmNvbS9taW1vdW5hYm9va3N0b3JlL2Jyb3dzZS8yL2Jvb2svcmV2aWV3cyI7fXM6NjoiX2ZsYXNoIjthOjI6e3M6Mzoib2xkIjthOjA6e31zOjM6Im5ldyI7YTowOnt9fX0=', 1765882020),
('nC2W3nIN28azv917GpROPobERgXc7Sxogjxpc3Ha', 1, '105.105.124.205', 'Mozilla/5.0 (Windows NT 10.0; Win64; x64) AppleWebKit/537.36 (KHTML, like Gecko) Chrome/143.0.0.0 Safari/537.36', 'YTo0OntzOjY6Il90b2tlbiI7czo0MDoicnZSR25GQVFKb0hLZkhkNzRzSVJVbE5qQllKdk5IdEtyUzhsbk1LcCI7czo1MDoibG9naW5fd2ViXzU5YmEzNmFkZGMyYjJmOTQwMTU4MGYwMTRjN2Y1OGVhNGUzMDk4OWQiO2k6MTtzOjk6Il9wcmV2aW91cyI7YToxOntzOjM6InVybCI7czo1MDoiaHR0cHM6Ly9kZXZlZW52aS5jb20vbWltb3VuYWJvb2tzdG9yZS9icm93c2UvaW5kZXgiO31zOjY6Il9mbGFzaCI7YToyOntzOjM6Im9sZCI7YTowOnt9czozOiJuZXciO2E6MDp7fX19', 1765888319),
('nyvMcVwXgZt0NEek5GlWA8Ajr7bVSQTm5dnJfNd8', NULL, '51.195.244.218', 'Mozilla/5.0 (compatible; AhrefsBot/7.0; +http://ahrefs.com/robot/)', 'YTo0OntzOjY6Il90b2tlbiI7czo0MDoiOUR4TE9oOHhTV2lnRFE5Rks4bXNFbmxuVU16M2RYazJua0FzRGl6ciI7czozOiJ1cmwiO2E6MTp7czo4OiJpbnRlbmRlZCI7czo3MzoiaHR0cHM6Ly93d3cuZGV2ZWVudmkuY29tL21pbW91bmFib29rc3RvcmUvYnJvd3NlLzI3L3Jldmlld3MvY3JlYXRlL3JldmlldyI7fXM6OToiX3ByZXZpb3VzIjthOjE6e3M6MzoidXJsIjtzOjczOiJodHRwczovL3d3dy5kZXZlZW52aS5jb20vbWltb3VuYWJvb2tzdG9yZS9icm93c2UvMjcvcmV2aWV3cy9jcmVhdGUvcmV2aWV3Ijt9czo2OiJfZmxhc2giO2E6Mjp7czozOiJvbGQiO2E6MDp7fXM6MzoibmV3IjthOjA6e319fQ==', 1765883139),
('qIKg1v9dk35tMUcb6Nj4Ganhdxa0ITvLZ57R0tWk', NULL, '105.105.124.205', 'Mozilla/5.0 (Windows NT 10.0; Win64; x64) AppleWebKit/537.36 (KHTML, like Gecko) Chrome/143.0.0.0 Safari/537.36', 'YTozOntzOjY6Il90b2tlbiI7czo0MDoibDJvT0Ezck53YmVCbDg5cHdxYWVCVE9jMlhNNHY3Q2lMb1ZHRkR5TyI7czo5OiJfcHJldmlvdXMiO2E6MTp7czozOiJ1cmwiO3M6NTQ6Imh0dHBzOi8vd3d3LmRldmVlbnZpLmNvbS9taW1vdW5hYm9va3N0b3JlL2Jyb3dzZS9pbmRleCI7fXM6NjoiX2ZsYXNoIjthOjI6e3M6Mzoib2xkIjthOjA6e31zOjM6Im5ldyI7YTowOnt9fX0=', 1765884740),
('R6w9VwME6ZwQm4v9NZP4V3CTqUEgYWECD2WOoUqR', NULL, '51.195.183.54', 'Mozilla/5.0 (compatible; AhrefsBot/7.0; +http://ahrefs.com/robot/)', 'YTo0OntzOjY6Il90b2tlbiI7czo0MDoiQnZMeWkwUUY5UWFJazRSOTFRRGpMb24yYXdndElMUXk5SVFrOG50MCI7czozOiJ1cmwiO2E6MTp7czo4OiJpbnRlbmRlZCI7czo3MjoiaHR0cHM6Ly93d3cuZGV2ZWVudmkuY29tL21pbW91bmFib29rc3RvcmUvYnJvd3NlLzMvcmV2aWV3cy9jcmVhdGUvcmV2aWV3Ijt9czo5OiJfcHJldmlvdXMiO2E6MTp7czozOiJ1cmwiO3M6NzI6Imh0dHBzOi8vd3d3LmRldmVlbnZpLmNvbS9taW1vdW5hYm9va3N0b3JlL2Jyb3dzZS8zL3Jldmlld3MvY3JlYXRlL3JldmlldyI7fXM6NjoiX2ZsYXNoIjthOjI6e3M6Mzoib2xkIjthOjA6e31zOjM6Im5ldyI7YTowOnt9fX0=', 1765883938),
('WLRDRuRRbSHofmw3FSaSdNsfKrAP8XFETt4pJYda', NULL, '198.244.240.88', 'Mozilla/5.0 (compatible; AhrefsBot/7.0; +http://ahrefs.com/robot/)', 'YTozOntzOjY6Il90b2tlbiI7czo0MDoicDl2UGc2a2RrZWl1VEhTUnhhTDY3VElKbG1SQWZ6NDFiSGZhMzFWWCI7czo5OiJfcHJldmlvdXMiO2E6MTp7czozOiJ1cmwiO3M6NDc6Imh0dHBzOi8vd3d3LmRldmVlbnZpLmNvbS9taW1vdW5hYm9va3N0b3JlL2xvZ2luIjt9czo2OiJfZmxhc2giO2E6Mjp7czozOiJvbGQiO2E6MDp7fXM6MzoibmV3IjthOjA6e319fQ==', 1765888210);

-- --------------------------------------------------------

--
-- Table structure for table `upvotes`
--

CREATE TABLE `upvotes` (
  `id` bigint(20) UNSIGNED NOT NULL,
  `user_id` bigint(20) UNSIGNED NOT NULL,
  `review_id` bigint(20) UNSIGNED NOT NULL,
  `created_at` timestamp NULL DEFAULT NULL,
  `updated_at` timestamp NULL DEFAULT NULL
) ENGINE=InnoDB DEFAULT CHARSET=utf8mb4 COLLATE=utf8mb4_unicode_ci;

--
-- Dumping data for table `upvotes`
--

INSERT INTO `upvotes` (`id`, `user_id`, `review_id`, `created_at`, `updated_at`) VALUES
(66, 11, 16, '2025-12-11 11:17:44', '2025-12-11 11:17:44'),
(80, 1, 15, '2025-12-11 11:17:44', '2025-12-11 11:17:44'),
(90, 11, 34, '2025-12-11 11:17:44', '2025-12-11 11:17:44'),
(129, 5, 1, '2025-12-11 11:17:44', '2025-12-11 11:17:44'),
(133, 7, 15, '2025-12-11 11:17:44', '2025-12-11 11:17:44'),
(156, 2, 145, '2025-12-11 11:17:44', '2025-12-11 11:17:44'),
(179, 8, 106, '2025-12-11 11:17:44', '2025-12-11 11:17:44'),
(211, 4, 78, '2025-12-11 11:17:44', '2025-12-11 11:17:44'),
(226, 5, 61, '2025-12-11 11:17:44', '2025-12-11 11:17:44'),
(227, 8, 86, '2025-12-11 11:17:44', '2025-12-11 11:17:44'),
(280, 8, 57, '2025-12-11 11:17:44', '2025-12-11 11:17:44'),
(291, 11, 42, '2025-12-11 11:17:44', '2025-12-11 11:17:44'),
(303, 6, 123, '2025-12-11 11:17:44', '2025-12-11 11:17:44'),
(394, 3, 100, '2025-12-11 11:17:44', '2025-12-11 11:17:44'),
(396, 6, 61, '2025-12-11 11:17:44', '2025-12-11 11:17:44'),
(460, 2, 82, '2025-12-11 11:17:44', '2025-12-11 11:17:44'),
(477, 1, 67, '2025-12-11 11:17:44', '2025-12-11 11:17:44'),
(517, 8, 86, '2025-12-11 11:17:44', '2025-12-11 11:17:44'),
(546, 3, 82, '2025-12-11 11:17:44', '2025-12-11 11:17:44'),
(582, 4, 145, '2025-12-11 11:17:44', '2025-12-11 11:17:44'),
(584, 8, 67, '2025-12-11 11:17:44', '2025-12-11 11:17:44'),
(605, 8, 17, '2025-12-11 11:17:44', '2025-12-11 11:17:44'),
(619, 10, 130, '2025-12-11 11:17:44', '2025-12-11 11:17:44'),
(621, 1, 110, '2025-12-16 10:34:47', '2025-12-16 10:34:47'),
(622, 1, 28, '2025-12-16 10:55:01', '2025-12-16 10:55:01'),
(623, 1, 17, '2025-12-16 10:55:03', '2025-12-16 10:55:03');

-- --------------------------------------------------------

--
-- Table structure for table `users`
--

CREATE TABLE `users` (
  `id` bigint(20) UNSIGNED NOT NULL,
  `name` varchar(255) NOT NULL,
  `email` varchar(255) NOT NULL,
  `email_verified_at` timestamp NULL DEFAULT NULL,
  `password` varchar(255) NOT NULL,
  `remember_token` varchar(100) DEFAULT NULL,
  `created_at` timestamp NULL DEFAULT NULL,
  `updated_at` timestamp NULL DEFAULT NULL,
  `phone` varchar(255) NOT NULL,
  `address` varchar(255) NOT NULL,
  `age` int(11) NOT NULL DEFAULT 18,
  `gender` int(11) NOT NULL DEFAULT 1,
  `role` int(10) UNSIGNED NOT NULL DEFAULT 0,
  `banned` tinyint(1) NOT NULL DEFAULT 0,
  `region_id` bigint(20) UNSIGNED DEFAULT NULL
) ENGINE=InnoDB DEFAULT CHARSET=utf8mb4 COLLATE=utf8mb4_unicode_ci;

--
-- Dumping data for table `users`
--

INSERT INTO `users` (`id`, `name`, `email`, `email_verified_at`, `password`, `remember_token`, `created_at`, `updated_at`, `phone`, `address`, `age`, `gender`, `role`, `banned`, `region_id`) VALUES
(1, 'Sohaib Khiaf', 'sohaibkhiaf@gmail.com', '2025-12-11 11:17:41', '$2y$12$PC7HPlId2aEdBhf8K8cBU.y3GJmP3/G8AIqpEr9xwdWcZa/djgKGS', '5LFmrfIUc1GQEp26OHiaYcBARhiBHUrRZCU44P1MwhDUKBsRWzUo31iX4p6E', '2025-12-11 11:17:41', '2025-12-16 10:34:32', '0659595372', '150 Logements, Bejaoui, El-Alia, Biskra', 25, 1, 1, 0, 7),
(2, 'أحمد بن علي', 'ahmed.benali@testmail.com', '2025-12-11 11:17:41', '$2y$12$PC7HPlId2aEdBhf8K8cBU.y3GJmP3/G8AIqpEr9xwdWcZa/djgKGS', 'goUjD82QIe', '2025-12-11 11:17:41', '2025-12-11 11:17:41', '0551234567', 'الطريق 12 ديدوش مراد، الجزائر العاصمة', 28, 1, 0, 0, 16),
(3, 'Fatima Zahra Khelifi', 'fatima.khelifi@testmail.com', '2025-12-11 11:17:41', '$2y$12$PC7HPlId2aEdBhf8K8cBU.y3GJmP3/G8AIqpEr9xwdWcZa/djgKGS', 'qIlY20qSnv', '2025-12-11 11:17:41', '2025-12-11 11:17:41', '0660987654', '45 Rue Emir Abdelkader, Oran', 32, 0, 0, 0, 31),
(4, 'Yacine Boudjemaa', 'yacine.boudjemaa@testmail.com', '2025-12-11 11:17:41', '$2y$12$PC7HPlId2aEdBhf8K8cBU.y3GJmP3/G8AIqpEr9xwdWcZa/djgKGS', 'qS90rmqTgX', '2025-12-11 11:17:41', '2025-12-11 11:17:41', '0770456789', '8 Rue Larbi Ben M\'hidi, Constantine', 24, 1, 0, 0, 25),
(5, 'إيمان شريف', 'imane.cherif@testmail.com', '2025-12-11 11:17:41', '$2y$12$PC7HPlId2aEdBhf8K8cBU.y3GJmP3/G8AIqpEr9xwdWcZa/djgKGS', 'NteLr1U9WV', '2025-12-11 11:17:41', '2025-12-11 11:17:41', '0540112233', '21 Rue Hassiba Ben Bouali, Blida', 27, 0, 0, 0, 9),
(6, 'Mohamed Amine Saidi', 'mohamed.saidi@testmail.com', '2025-12-11 11:17:41', '$2y$12$PC7HPlId2aEdBhf8K8cBU.y3GJmP3/G8AIqpEr9xwdWcZa/djgKGS', '83arhKZpbY', '2025-12-11 11:17:41', '2025-12-11 11:17:41', '0659334455', '67 Rue Frantz Fanon', 35, 1, 0, 0, 19),
(7, 'Nour El Houda Rahmani', 'nour.rahmani@testmail.com', '2025-12-11 11:17:41', '$2y$12$PC7HPlId2aEdBhf8K8cBU.y3GJmP3/G8AIqpEr9xwdWcZa/djgKGS', 'c7Hfm1m5iR', '2025-12-11 11:17:41', '2025-12-11 11:17:41', '0779998877', '3 Rue Ahmed Zabana', 22, 0, 0, 0, 42),
(8, 'Abdelkader Messaoudi', 'abdelkader.m@testmail.com', '2025-12-11 11:17:41', '$2y$12$PC7HPlId2aEdBhf8K8cBU.y3GJmP3/G8AIqpEr9xwdWcZa/djgKGS', '271fNhH5J7', '2025-12-11 11:17:41', '2025-12-11 11:17:41', '0551667788', '90 Rue Krim Belkacem', 41, 1, 0, 0, 15),
(9, 'Sofia Bouaziz', 'sofia.bouaziz@testmail.com', '2025-12-11 11:17:41', '$2y$12$PC7HPlId2aEdBhf8K8cBU.y3GJmP3/G8AIqpEr9xwdWcZa/djgKGS', 'o4j7R9KKiJ', '2025-12-11 11:17:41', '2025-12-11 11:17:41', '0661223344', '14 Rue Ben Boulaid, El Meniaa', 29, 0, 0, 0, 58),
(10, 'Karim Touati', 'karim.touati@testmail.com', '2025-12-11 11:17:41', '$2y$12$PC7HPlId2aEdBhf8K8cBU.y3GJmP3/G8AIqpEr9xwdWcZa/djgKGS', 'COIE5n9RGe', '2025-12-11 11:17:41', '2025-12-11 11:17:41', '0770889900', '56 Rue Mohamed Boudiaf, Tiaret', 34, 1, 0, 0, 14),
(11, 'لينة حامدي', 'lina.hamdi@testmail.com', '2025-12-11 11:17:41', '$2y$12$PC7HPlId2aEdBhf8K8cBU.y3GJmP3/G8AIqpEr9xwdWcZa/djgKGS', 'uzxBfUUrF9', '2025-12-11 11:17:41', '2025-12-11 11:17:41', '0540556677', 'الطريق 29 حي علي لابوانت، بريكة', 26, 0, 0, 0, 63);

--
-- Indexes for dumped tables
--

--
-- Indexes for table `books`
--
ALTER TABLE `books`
  ADD PRIMARY KEY (`id`),
  ADD KEY `books_genre_id_foreign` (`genre_id`);

--
-- Indexes for table `cache`
--
ALTER TABLE `cache`
  ADD PRIMARY KEY (`key`);

--
-- Indexes for table `cache_locks`
--
ALTER TABLE `cache_locks`
  ADD PRIMARY KEY (`key`);

--
-- Indexes for table `failed_jobs`
--
ALTER TABLE `failed_jobs`
  ADD PRIMARY KEY (`id`),
  ADD UNIQUE KEY `failed_jobs_uuid_unique` (`uuid`);

--
-- Indexes for table `genres`
--
ALTER TABLE `genres`
  ADD PRIMARY KEY (`id`);

--
-- Indexes for table `jobs`
--
ALTER TABLE `jobs`
  ADD PRIMARY KEY (`id`),
  ADD KEY `jobs_queue_index` (`queue`);

--
-- Indexes for table `job_batches`
--
ALTER TABLE `job_batches`
  ADD PRIMARY KEY (`id`);

--
-- Indexes for table `likes`
--
ALTER TABLE `likes`
  ADD PRIMARY KEY (`id`),
  ADD KEY `likes_user_id_foreign` (`user_id`),
  ADD KEY `likes_book_id_foreign` (`book_id`);

--
-- Indexes for table `migrations`
--
ALTER TABLE `migrations`
  ADD PRIMARY KEY (`id`);

--
-- Indexes for table `orders`
--
ALTER TABLE `orders`
  ADD PRIMARY KEY (`id`),
  ADD KEY `orders_user_id_foreign` (`user_id`),
  ADD KEY `orders_order_status_id_foreign` (`order_status_id`);

--
-- Indexes for table `order_details`
--
ALTER TABLE `order_details`
  ADD PRIMARY KEY (`id`),
  ADD KEY `order_details_order_id_foreign` (`order_id`),
  ADD KEY `order_details_book_id_foreign` (`book_id`);

--
-- Indexes for table `order_statuses`
--
ALTER TABLE `order_statuses`
  ADD PRIMARY KEY (`id`);

--
-- Indexes for table `password_reset_tokens`
--
ALTER TABLE `password_reset_tokens`
  ADD PRIMARY KEY (`email`);

--
-- Indexes for table `personal_access_tokens`
--
ALTER TABLE `personal_access_tokens`
  ADD PRIMARY KEY (`id`),
  ADD UNIQUE KEY `personal_access_tokens_token_unique` (`token`),
  ADD KEY `personal_access_tokens_tokenable_type_tokenable_id_index` (`tokenable_type`,`tokenable_id`);

--
-- Indexes for table `regions`
--
ALTER TABLE `regions`
  ADD PRIMARY KEY (`id`);

--
-- Indexes for table `reviews`
--
ALTER TABLE `reviews`
  ADD PRIMARY KEY (`id`),
  ADD KEY `reviews_user_id_foreign` (`user_id`),
  ADD KEY `reviews_book_id_foreign` (`book_id`);

--
-- Indexes for table `sessions`
--
ALTER TABLE `sessions`
  ADD PRIMARY KEY (`id`),
  ADD KEY `sessions_user_id_index` (`user_id`),
  ADD KEY `sessions_last_activity_index` (`last_activity`);

--
-- Indexes for table `upvotes`
--
ALTER TABLE `upvotes`
  ADD PRIMARY KEY (`id`),
  ADD KEY `upvotes_user_id_foreign` (`user_id`),
  ADD KEY `upvotes_review_id_foreign` (`review_id`);

--
-- Indexes for table `users`
--
ALTER TABLE `users`
  ADD PRIMARY KEY (`id`),
  ADD UNIQUE KEY `users_email_unique` (`email`),
  ADD KEY `users_region_id_foreign` (`region_id`);

--
-- AUTO_INCREMENT for dumped tables
--

--
-- AUTO_INCREMENT for table `books`
--
ALTER TABLE `books`
  MODIFY `id` bigint(20) UNSIGNED NOT NULL AUTO_INCREMENT, AUTO_INCREMENT=28;

--
-- AUTO_INCREMENT for table `failed_jobs`
--
ALTER TABLE `failed_jobs`
  MODIFY `id` bigint(20) UNSIGNED NOT NULL AUTO_INCREMENT;

--
-- AUTO_INCREMENT for table `genres`
--
ALTER TABLE `genres`
  MODIFY `id` bigint(20) UNSIGNED NOT NULL AUTO_INCREMENT, AUTO_INCREMENT=5;

--
-- AUTO_INCREMENT for table `jobs`
--
ALTER TABLE `jobs`
  MODIFY `id` bigint(20) UNSIGNED NOT NULL AUTO_INCREMENT;

--
-- AUTO_INCREMENT for table `likes`
--
ALTER TABLE `likes`
  MODIFY `id` bigint(20) UNSIGNED NOT NULL AUTO_INCREMENT, AUTO_INCREMENT=1009;

--
-- AUTO_INCREMENT for table `migrations`
--
ALTER TABLE `migrations`
  MODIFY `id` int(10) UNSIGNED NOT NULL AUTO_INCREMENT, AUTO_INCREMENT=197;

--
-- AUTO_INCREMENT for table `orders`
--
ALTER TABLE `orders`
  MODIFY `id` bigint(20) UNSIGNED NOT NULL AUTO_INCREMENT, AUTO_INCREMENT=153;

--
-- AUTO_INCREMENT for table `order_details`
--
ALTER TABLE `order_details`
  MODIFY `id` bigint(20) UNSIGNED NOT NULL AUTO_INCREMENT, AUTO_INCREMENT=359;

--
-- AUTO_INCREMENT for table `order_statuses`
--
ALTER TABLE `order_statuses`
  MODIFY `id` bigint(20) UNSIGNED NOT NULL AUTO_INCREMENT, AUTO_INCREMENT=6;

--
-- AUTO_INCREMENT for table `personal_access_tokens`
--
ALTER TABLE `personal_access_tokens`
  MODIFY `id` bigint(20) UNSIGNED NOT NULL AUTO_INCREMENT;

--
-- AUTO_INCREMENT for table `regions`
--
ALTER TABLE `regions`
  MODIFY `id` bigint(20) UNSIGNED NOT NULL AUTO_INCREMENT, AUTO_INCREMENT=70;

--
-- AUTO_INCREMENT for table `reviews`
--
ALTER TABLE `reviews`
  MODIFY `id` bigint(20) UNSIGNED NOT NULL AUTO_INCREMENT, AUTO_INCREMENT=163;

--
-- AUTO_INCREMENT for table `upvotes`
--
ALTER TABLE `upvotes`
  MODIFY `id` bigint(20) UNSIGNED NOT NULL AUTO_INCREMENT, AUTO_INCREMENT=624;

--
-- AUTO_INCREMENT for table `users`
--
ALTER TABLE `users`
  MODIFY `id` bigint(20) UNSIGNED NOT NULL AUTO_INCREMENT, AUTO_INCREMENT=55;

--
-- Constraints for dumped tables
--

--
-- Constraints for table `books`
--
ALTER TABLE `books`
  ADD CONSTRAINT `books_genre_id_foreign` FOREIGN KEY (`genre_id`) REFERENCES `genres` (`id`) ON DELETE CASCADE ON UPDATE CASCADE;

--
-- Constraints for table `likes`
--
ALTER TABLE `likes`
  ADD CONSTRAINT `likes_book_id_foreign` FOREIGN KEY (`book_id`) REFERENCES `books` (`id`) ON DELETE CASCADE ON UPDATE CASCADE,
  ADD CONSTRAINT `likes_user_id_foreign` FOREIGN KEY (`user_id`) REFERENCES `users` (`id`) ON DELETE CASCADE ON UPDATE CASCADE;

--
-- Constraints for table `orders`
--
ALTER TABLE `orders`
  ADD CONSTRAINT `orders_order_status_id_foreign` FOREIGN KEY (`order_status_id`) REFERENCES `order_statuses` (`id`) ON DELETE CASCADE ON UPDATE CASCADE,
  ADD CONSTRAINT `orders_user_id_foreign` FOREIGN KEY (`user_id`) REFERENCES `users` (`id`) ON DELETE CASCADE ON UPDATE CASCADE;

--
-- Constraints for table `order_details`
--
ALTER TABLE `order_details`
  ADD CONSTRAINT `order_details_book_id_foreign` FOREIGN KEY (`book_id`) REFERENCES `books` (`id`) ON DELETE SET NULL ON UPDATE CASCADE,
  ADD CONSTRAINT `order_details_order_id_foreign` FOREIGN KEY (`order_id`) REFERENCES `orders` (`id`) ON DELETE CASCADE ON UPDATE CASCADE;

--
-- Constraints for table `reviews`
--
ALTER TABLE `reviews`
  ADD CONSTRAINT `reviews_book_id_foreign` FOREIGN KEY (`book_id`) REFERENCES `books` (`id`) ON DELETE CASCADE ON UPDATE CASCADE,
  ADD CONSTRAINT `reviews_user_id_foreign` FOREIGN KEY (`user_id`) REFERENCES `users` (`id`) ON DELETE CASCADE ON UPDATE CASCADE;

--
-- Constraints for table `upvotes`
--
ALTER TABLE `upvotes`
  ADD CONSTRAINT `upvotes_review_id_foreign` FOREIGN KEY (`review_id`) REFERENCES `reviews` (`id`) ON DELETE CASCADE ON UPDATE CASCADE,
  ADD CONSTRAINT `upvotes_user_id_foreign` FOREIGN KEY (`user_id`) REFERENCES `users` (`id`) ON DELETE CASCADE ON UPDATE CASCADE;

--
-- Constraints for table `users`
--
ALTER TABLE `users`
  ADD CONSTRAINT `users_region_id_foreign` FOREIGN KEY (`region_id`) REFERENCES `regions` (`id`) ON DELETE SET NULL ON UPDATE CASCADE;
COMMIT;

/*!40101 SET CHARACTER_SET_CLIENT=@OLD_CHARACTER_SET_CLIENT */;
/*!40101 SET CHARACTER_SET_RESULTS=@OLD_CHARACTER_SET_RESULTS */;
/*!40101 SET COLLATION_CONNECTION=@OLD_COLLATION_CONNECTION */;
